t,acc
0.0 , 0.0
0.01 , 0.0
0.02 , 0.0
0.03 , 0.0
0.04 , 0.0
0.05 , 0.0001
0.06 , 0.0001
0.07 , 0.0002
0.08 , 0.0003
0.09 , 0.0005
0.1 , 0.0007
0.11 , 0.0009
0.12 , 0.0011
0.13 , 0.0011
0.14 , 0.0011
0.15 , 0.0009
0.16 , 0.0007
0.17 , 0.0004
0.18 , 0.0001
0.19 , -0.0003
0.2 , -0.0008
0.21 , -0.0014
0.22 , -0.0022
0.23 , -0.0029
0.24 , -0.0036
0.25 , -0.0042
0.26 , -0.0047
0.27 , -0.0052
0.28 , -0.0056
0.29 , -0.0057
0.3 , -0.0056
0.31 , -0.0054
0.32 , -0.005
0.33 , -0.0048
0.34 , -0.0043
0.35000000000000003 , -0.0033
0.36 , -0.002
0.37 , -0.0006
0.38 , 0.0
0.39 , -0.0005
0.4 , -0.0022
0.41000000000000003 , -0.0038
0.42 , -0.0046
0.43 , -0.0035
0.44 , -0.0009
0.45 , 0.0023
0.46 , 0.0053
0.47000000000000003 , 0.0076
0.48 , 0.009
0.49 , 0.0093
0.5 , 0.0081
0.51 , 0.0049
0.52 , 0.0
0.53 , -0.006
0.54 , -0.011
0.55 , -0.015
0.56 , -0.015
0.5700000000000001 , -0.013
0.58 , -0.01
0.59 , -0.0075
0.6 , -0.0062
0.61 , -0.0068
0.62 , -0.0081
0.63 , -0.0095
0.64 , -0.01
0.65 , -0.0097
0.66 , -0.0088
0.67 , -0.0077
0.68 , -0.0063
0.6900000000000001 , -0.005
0.7000000000000001 , -0.003
0.71 , -0.0017
0.72 , -0.0017
0.73 , -0.0028
0.74 , -0.0049
0.75 , -0.0059
0.76 , -0.0051
0.77 , -0.0025
0.78 , 0.0007
0.79 , 0.003
0.8 , 0.0028
0.81 , 0.0007
0.8200000000000001 , -0.0022
0.8300000000000001 , -0.004
0.84 , -0.0035
0.85 , -0.0016
0.86 , 0.0033
0.87 , 0.0099
0.88 , 0.019
0.89 , 0.029
0.9 , 0.038
0.91 , 0.042
0.92 , 0.04
0.93 , 0.032
0.9400000000000001 , 0.021
0.9500000000000001 , 0.011
0.96 , 0.0045
0.97 , 0.0048
0.98 , 0.0095
0.99 , 0.015
1.0 , 0.018
1.01 , 0.019
1.02 , 0.017
1.03 , 0.017
1.04 , 0.019
1.05 , 0.024
1.06 , 0.028
1.07 , 0.03
1.08 , 0.028
1.09 , 0.024
1.1 , 0.017
1.11 , 0.0089
1.12 , -0.001
1.1300000000000001 , -0.013
1.1400000000000001 , -0.023
1.1500000000000001 , -0.031
1.16 , -0.033
1.17 , -0.029
1.18 , -0.022
1.19 , -0.019
1.2 , -0.024
1.21 , -0.033
1.22 , -0.038
1.23 , -0.035
1.24 , -0.02
1.25 , 0.0025
1.26 , 0.026
1.27 , 0.041
1.28 , 0.047
1.29 , 0.044
1.3 , 0.039
1.31 , 0.036
1.32 , 0.037
1.33 , 0.039
1.34 , 0.044
1.35 , 0.049
1.36 , 0.057
1.37 , 0.069
1.3800000000000001 , 0.082
1.3900000000000001 , 0.092
1.4000000000000001 , 0.097
1.41 , 0.096
1.42 , 0.09
1.43 , 0.08
1.44 , 0.065
1.45 , 0.043
1.46 , 0.012
1.47 , -0.026
1.48 , -0.064
1.49 , -0.093
1.5 , -0.1
1.51 , -0.1
1.52 , -0.09
1.53 , -0.083
1.54 , -0.085
1.55 , -0.096
1.56 , -0.11
1.57 , -0.12
1.58 , -0.12
1.59 , -0.12
1.6 , -0.11
1.61 , -0.1
1.62 , -0.098
1.6300000000000001 , -0.1
1.6400000000000001 , -0.11
1.6500000000000001 , -0.12
1.6600000000000001 , -0.11
1.67 , -0.092
1.68 , -0.061
1.69 , -0.034
1.7 , -0.024
1.71 , -0.035
1.72 , -0.066
1.73 , -0.11
1.74 , -0.15
1.75 , -0.18
1.76 , -0.19
1.77 , -0.2
1.78 , -0.19
1.79 , -0.18
1.8 , -0.16
1.81 , -0.15
1.82 , -0.12
1.83 , -0.097
1.84 , -0.077
1.85 , -0.068
1.86 , -0.074
1.87 , -0.092
1.8800000000000001 , -0.11
1.8900000000000001 , -0.14
1.9000000000000001 , -0.15
1.9100000000000001 , -0.15
1.92 , -0.14
1.93 , -0.13
1.94 , -0.12
1.95 , -0.11
1.96 , -0.099
1.97 , -0.089
1.98 , -0.076
1.99 , -0.073
2.0 , -0.08
2.0100000000000002 , -0.095
2.02 , -0.1
2.0300000000000002 , -0.096
2.04 , -0.065
2.05 , -0.015
2.06 , 0.039
2.07 , 0.086
2.08 , 0.12
2.09 , 0.14
2.1 , 0.15
2.11 , 0.14
2.12 , 0.12
2.13 , 0.08
2.14 , 0.034
2.15 , -0.0077
2.16 , -0.036
2.17 , -0.048
2.18 , -0.046
2.19 , -0.043
2.2 , -0.046
2.21 , -0.059
2.22 , -0.075
2.23 , -0.085
2.24 , -0.07
2.25 , -0.034
2.2600000000000002 , 0.023
2.27 , 0.085
2.2800000000000002 , 0.12
2.29 , 0.12
2.3000000000000003 , 0.099
2.31 , 0.072
2.32 , 0.065
2.33 , 0.088
2.34 , 0.13
2.35 , 0.17
2.36 , 0.19
2.37 , 0.2
2.38 , 0.21
2.39 , 0.21
2.4 , 0.2
2.41 , 0.16
2.42 , 0.089
2.43 , -0.0015
2.44 , -0.084
2.45 , -0.12
2.46 , -0.12
2.47 , -0.083
2.48 , -0.045
2.49 , -0.035
2.5 , -0.047
2.5100000000000002 , -0.082
2.52 , -0.11
2.5300000000000002 , -0.12
2.54 , -0.098
2.5500000000000003 , -0.051
2.56 , 0.025
2.57 , 0.11
2.58 , 0.2
2.59 , 0.26
2.6 , 0.28
2.61 , 0.25
2.62 , 0.2
2.63 , 0.13
2.64 , 0.079
2.65 , 0.069
2.66 , 0.096
2.67 , 0.13
2.68 , 0.17
2.69 , 0.17
2.7 , 0.16
2.71 , 0.17
2.72 , 0.2
2.73 , 0.25
2.74 , 0.31
2.75 , 0.33
2.7600000000000002 , 0.31
2.77 , 0.26
2.7800000000000002 , 0.21
2.79 , 0.19
2.8000000000000003 , 0.19
2.81 , 0.21
2.82 , 0.22
2.83 , 0.21
2.84 , 0.19
2.85 , 0.17
2.86 , 0.18
2.87 , 0.18
2.88 , 0.19
2.89 , 0.2
2.9 , 0.19
2.91 , 0.18
2.92 , 0.17
2.93 , 0.16
2.94 , 0.14
2.95 , 0.081
2.96 , -0.03
2.97 , -0.17
2.98 , -0.33
2.99 , -0.45
3.0 , -0.51
3.0100000000000002 , -0.51
3.02 , -0.47
3.0300000000000002 , -0.41
3.04 , -0.35
3.0500000000000003 , -0.31
3.06 , -0.27
3.0700000000000003 , -0.24
3.08 , -0.21
3.09 , -0.19
3.1 , -0.17
3.11 , -0.15
3.12 , -0.13
3.13 , -0.12
3.14 , -0.15
3.15 , -0.24
3.16 , -0.4
3.17 , -0.59
3.18 , -0.75
3.19 , -0.84
3.2 , -0.81
3.21 , -0.7
3.22 , -0.53
3.23 , -0.36
3.24 , -0.22
3.25 , -0.11
3.2600000000000002 , -0.026
3.27 , 0.019
3.2800000000000002 , 0.03
3.29 , 0.007
3.3000000000000003 , -0.028
3.31 , -0.06
3.3200000000000003 , -0.038
3.33 , 0.023
3.34 , 0.11
3.35 , 0.19
3.36 , 0.21
3.37 , 0.16
3.38 , 0.072
3.39 , -0.0082
3.4 , -0.037
3.41 , -0.03
3.42 , -0.025
3.43 , -0.045
3.44 , -0.1
3.45 , -0.13
3.46 , -0.12
3.47 , -0.039
3.48 , 0.084
3.49 , 0.22
3.5 , 0.34
3.5100000000000002 , 0.42
3.52 , 0.48
3.5300000000000002 , 0.5
3.54 , 0.48
3.5500000000000003 , 0.38
3.56 , 0.21
3.5700000000000003 , -0.0043
3.58 , -0.24
3.59 , -0.45
3.6 , -0.63
3.61 , -0.78
3.62 , -0.91
3.63 , -1.0
3.64 , -1.1
3.65 , -1.2
3.66 , -1.3
3.67 , -1.2
3.68 , -1.1
3.69 , -0.93
3.7 , -0.74
3.71 , -0.56
3.72 , -0.4
3.73 , -0.27
3.74 , -0.17
3.75 , -0.11
3.7600000000000002 , -0.066
3.77 , -0.05
3.7800000000000002 , -0.04
3.79 , -0.02
3.8000000000000003 , 0.035
3.81 , 0.14
3.8200000000000003 , 0.29
3.83 , 0.48
3.84 , 0.66
3.85 , 0.8
3.86 , 0.89
3.87 , 0.93
3.88 , 0.95
3.89 , 0.95
3.9 , 0.96
3.91 , 0.91
3.92 , 0.83
3.93 , 0.67
3.94 , 0.45
3.95 , 0.17
3.96 , -0.15
3.97 , -0.47
3.98 , -0.73
3.99 , -0.87
4.0 , -0.86
4.01 , -0.71
4.0200000000000005 , -0.48
4.03 , -0.27
4.04 , -0.13
4.05 , -0.1
4.0600000000000005 , -0.19
4.07 , -0.36
4.08 , -0.57
4.09 , -0.74
4.1 , -0.82
4.11 , -0.77
4.12 , -0.62
4.13 , -0.47
4.14 , -0.4
4.15 , -0.45
4.16 , -0.6
4.17 , -0.72
4.18 , -0.72
4.19 , -0.52
4.2 , -0.15
4.21 , 0.29
4.22 , 0.71
4.23 , 1.0
4.24 , 1.2
4.25 , 1.2
4.26 , 1.2
4.2700000000000005 , 1.1
4.28 , 0.98
4.29 , 0.85
4.3 , 0.68
4.3100000000000005 , 0.49
4.32 , 0.28
4.33 , 0.16
4.34 , 0.17
4.3500000000000005 , 0.33
4.36 , 0.58
4.37 , 0.84
4.38 , 1.0
4.39 , 1.1
4.4 , 1.0
4.41 , 0.96
4.42 , 0.89
4.43 , 0.83
4.44 , 0.78
4.45 , 0.72
4.46 , 0.69
4.47 , 0.72
4.48 , 0.8
4.49 , 0.89
4.5 , 0.93
4.51 , 0.87
4.5200000000000005 , 0.74
4.53 , 0.57
4.54 , 0.43
4.55 , 0.32
4.5600000000000005 , 0.24
4.57 , 0.12
4.58 , -0.0093
4.59 , -0.17
4.6000000000000005 , -0.23
4.61 , -0.18
4.62 , 0.043
4.63 , 0.35
4.64 , 0.61
4.65 , 0.74
4.66 , 0.74
4.67 , 0.64
4.68 , 0.52
4.69 , 0.46
4.7 , 0.42
4.71 , 0.37
4.72 , 0.28
4.73 , 0.16
4.74 , 0.051
4.75 , 0.013
4.76 , 0.038
4.7700000000000005 , 0.088
4.78 , 0.097
4.79 , 0.054
4.8 , -0.032
4.8100000000000005 , -0.079
4.82 , -0.077
4.83 , -0.016
4.84 , 0.073
4.8500000000000005 , 0.12
4.86 , 0.15
4.87 , 0.16
4.88 , 0.2
4.89 , 0.29
4.9 , 0.4
4.91 , 0.53
4.92 , 0.67
4.93 , 0.79
4.94 , 0.92
4.95 , 1.0
4.96 , 1.0
4.97 , 0.99
4.98 , 0.87
4.99 , 0.75
5.0 , 0.66
5.01 , 0.67
5.0200000000000005 , 0.81
5.03 , 1.0
5.04 , 1.2
5.05 , 1.2
5.0600000000000005 , 1.0
5.07 , 0.8
5.08 , 0.55
5.09 , 0.35
5.1000000000000005 , 0.22
5.11 , 0.078
5.12 , -0.086
5.13 , -0.31
5.14 , -0.5
5.15 , -0.61
5.16 , -0.61
5.17 , -0.56
5.18 , -0.52
5.19 , -0.56
5.2 , -0.68
5.21 , -0.84
5.22 , -0.97
5.23 , -0.99
5.24 , -0.88
5.25 , -0.71
5.26 , -0.5
5.2700000000000005 , -0.31
5.28 , -0.098
5.29 , 0.16
5.3 , 0.51
5.3100000000000005 , 0.85
5.32 , 1.1
5.33 , 1.3
5.34 , 1.2
5.3500000000000005 , 1.0
5.36 , 0.75
5.37 , 0.47
5.38 , 0.19
5.39 , -0.05
5.4 , -0.22
5.41 , -0.3
5.42 , -0.27
5.43 , -0.19
5.44 , -0.16
5.45 , -0.25
5.46 , -0.48
5.47 , -0.74
5.48 , -0.95
5.49 , -1.0
5.5 , -0.96
5.51 , -0.88
5.5200000000000005 , -0.86
5.53 , -0.95
5.54 , -1.1
5.55 , -1.2
5.5600000000000005 , -1.1
5.57 , -0.92
5.58 , -0.63
5.59 , -0.29
5.6000000000000005 , 0.027
5.61 , 0.31
5.62 , 0.53
5.63 , 0.65
5.64 , 0.59
5.65 , 0.35
5.66 , -0.036
5.67 , -0.44
5.68 , -0.72
5.69 , -0.81
5.7 , -0.76
5.71 , -0.59
5.72 , -0.46
5.73 , -0.41
5.74 , -0.46
5.75 , -0.58
5.76 , -0.65
5.7700000000000005 , -0.67
5.78 , -0.56
5.79 , -0.36
5.8 , -0.13
5.8100000000000005 , 0.066
5.82 , 0.19
5.83 , 0.2
5.84 , 0.13
5.8500000000000005 , -0.024
5.86 , -0.23
5.87 , -0.49
5.88 , -0.76
5.89 , -0.96
5.9 , -1.1
5.91 , -1.0
5.92 , -0.88
5.93 , -0.69
5.94 , -0.5
5.95 , -0.34
5.96 , -0.14
5.97 , 0.064
5.98 , 0.25
5.99 , 0.34
6.0 , 0.31
6.01 , 0.15
6.0200000000000005 , -0.082
6.03 , -0.31
6.04 , -0.52
6.05 , -0.65
6.0600000000000005 , -0.72
6.07 , -0.7
6.08 , -0.57
6.09 , -0.36
6.1000000000000005 , -0.11
6.11 , 0.18
6.12 , 0.47
6.13 , 0.75
6.140000000000001 , 1.1
6.15 , 1.4
6.16 , 1.6
6.17 , 1.9
6.18 , 1.9
6.19 , 2.0
6.2 , 1.9
6.21 , 1.9
6.22 , 1.8
6.23 , 1.7
6.24 , 1.6
6.25 , 1.4
6.26 , 1.3
6.2700000000000005 , 1.1
6.28 , 0.83
6.29 , 0.43
6.3 , -0.068
6.3100000000000005 , -0.57
6.32 , -0.96
6.33 , -1.1
6.34 , -1.0
6.3500000000000005 , -0.65
6.36 , -0.11
6.37 , 0.49
6.38 , 1.0
6.390000000000001 , 1.3
6.4 , 1.4
6.41 , 1.4
6.42 , 1.1
6.43 , 0.88
6.44 , 0.64
6.45 , 0.43
6.46 , 0.28
6.47 , 0.11
6.48 , -0.053
6.49 , -0.23
6.5 , -0.39
6.51 , -0.54
6.5200000000000005 , -0.67
6.53 , -0.8
6.54 , -0.89
6.55 , -0.91
6.5600000000000005 , -0.82
6.57 , -0.66
6.58 , -0.45
6.59 , -0.32
6.6000000000000005 , -0.31
6.61 , -0.37
6.62 , -0.44
6.63 , -0.43
6.640000000000001 , -0.26
6.65 , 0.0053
6.66 , 0.31
6.67 , 0.51
6.68 , 0.58
6.69 , 0.55
6.7 , 0.5
6.71 , 0.52
6.72 , 0.54
6.73 , 0.52
6.74 , 0.34
6.75 , 0.036
6.76 , -0.32
6.7700000000000005 , -0.57
6.78 , -0.67
6.79 , -0.65
6.8 , -0.62
6.8100000000000005 , -0.71
6.82 , -0.92
6.83 , -1.2
6.84 , -1.4
6.8500000000000005 , -1.5
6.86 , -1.5
6.87 , -1.3
6.88 , -1.1
6.890000000000001 , -0.89
6.9 , -0.77
6.91 , -0.72
6.92 , -0.7
6.93 , -0.7
6.94 , -0.71
6.95 , -0.72
6.96 , -0.68
6.97 , -0.59
6.98 , -0.43
6.99 , -0.27
7.0 , -0.19
7.01 , -0.2
7.0200000000000005 , -0.28
7.03 , -0.28
7.04 , -0.12
7.05 , 0.22
7.0600000000000005 , 0.67
7.07 , 1.1
7.08 , 1.3
7.09 , 1.4
7.1000000000000005 , 1.3
7.11 , 1.1
7.12 , 1.0
7.13 , 1.1
7.140000000000001 , 1.2
7.15 , 1.4
7.16 , 1.4
7.17 , 1.3
7.18 , 1.0
7.19 , 0.61
7.2 , 0.18
7.21 , -0.19
7.22 , -0.42
7.23 , -0.48
7.24 , -0.36
7.25 , -0.099
7.26 , 0.21
7.2700000000000005 , 0.47
7.28 , 0.59
7.29 , 0.54
7.3 , 0.41
7.3100000000000005 , 0.27
7.32 , 0.2
7.33 , 0.22
7.34 , 0.28
7.3500000000000005 , 0.34
7.36 , 0.36
7.37 , 0.35
7.38 , 0.37
7.390000000000001 , 0.38
7.4 , 0.37
7.41 , 0.27
7.42 , 0.019
7.43 , -0.29
7.44 , -0.59
7.45 , -0.74
7.46 , -0.73
7.47 , -0.62
7.48 , -0.53
7.49 , -0.56
7.5 , -0.67
7.51 , -0.78
7.5200000000000005 , -0.81
7.53 , -0.72
7.54 , -0.53
7.55 , -0.34
7.5600000000000005 , -0.2
7.57 , -0.095
7.58 , 0.011
7.59 , 0.16
7.6000000000000005 , 0.32
7.61 , 0.44
7.62 , 0.47
7.63 , 0.43
7.640000000000001 , 0.41
7.65 , 0.44
7.66 , 0.53
7.67 , 0.64
7.68 , 0.72
7.69 , 0.77
7.7 , 0.75
7.71 , 0.67
7.72 , 0.51
7.73 , 0.29
7.74 , 0.043
7.75 , -0.19
7.76 , -0.31
7.7700000000000005 , -0.31
7.78 , -0.16
7.79 , 0.018
7.8 , 0.19
7.8100000000000005 , 0.24
7.82 , 0.18
7.83 , 0.017
7.84 , -0.16
7.8500000000000005 , -0.26
7.86 , -0.2
7.87 , -0.028
7.88 , 0.24
7.890000000000001 , 0.51
7.9 , 0.73
7.91 , 0.91
7.92 , 1.1
7.930000000000001 , 1.2
7.94 , 1.2
7.95 , 1.2
7.96 , 0.91
7.97 , 0.5
7.98 , 0.036
7.99 , -0.37
8.0 , -0.64
8.01 , -0.82
8.02 , -0.93
8.03 , -1.0
8.040000000000001 , -1.1
8.05 , -1.1
8.06 , -1.0
8.07 , -0.94
8.08 , -0.84
8.09 , -0.77
8.1 , -0.75
8.11 , -0.77
8.120000000000001 , -0.81
8.13 , -0.84
8.14 , -0.85
8.15 , -0.81
8.16 , -0.75
8.17 , -0.66
8.18 , -0.56
8.19 , -0.49
8.2 , -0.42
8.21 , -0.4
8.22 , -0.35
8.23 , -0.28
8.24 , -0.17
8.25 , -0.017
8.26 , 0.14
8.27 , 0.29
8.28 , 0.39
8.290000000000001 , 0.39
8.3 , 0.28
8.31 , 0.021
8.32 , -0.34
8.33 , -0.73
8.34 , -1.1
8.35 , -1.2
8.36 , -1.2
8.370000000000001 , -1.0
8.38 , -0.77
8.39 , -0.5
8.4 , -0.3
8.41 , -0.15
8.42 , -0.067
8.43 , -0.046
8.44 , -0.035
8.45 , -0.05
8.46 , -0.021
8.47 , 0.0042
8.48 , 0.053
8.49 , 0.094
8.5 , 0.18
8.51 , 0.28
8.52 , 0.45
8.53 , 0.66
8.540000000000001 , 0.92
8.55 , 1.2
8.56 , 1.5
8.57 , 1.7
8.58 , 1.7
8.59 , 1.7
8.6 , 1.5
8.61 , 1.3
8.620000000000001 , 1.1
8.63 , 0.92
8.64 , 0.78
8.65 , 0.69
8.66 , 0.62
8.67 , 0.5
8.68 , 0.33
8.69 , 0.056
8.700000000000001 , -0.28
8.71 , -0.61
8.72 , -0.85
8.73 , -0.92
8.74 , -0.89
8.75 , -0.79
8.76 , -0.77
8.77 , -0.85
8.78 , -1.0
8.790000000000001 , -1.2
8.8 , -1.4
8.81 , -1.5
8.82 , -1.5
8.83 , -1.5
8.84 , -1.5
8.85 , -1.5
8.86 , -1.4
8.870000000000001 , -1.2
8.88 , -0.98
8.89 , -0.81
8.9 , -0.69
8.91 , -0.63
8.92 , -0.53
8.93 , -0.32
8.94 , -0.017
8.950000000000001 , 0.3
8.96 , 0.45
8.97 , 0.34
8.98 , -0.023
8.99 , -0.5
9.0 , -0.89
9.01 , -1.1
9.02 , -1.1
9.03 , -0.9
9.040000000000001 , -0.65
9.05 , -0.41
9.06 , -0.2
9.07 , 0.028
9.08 , 0.26
9.09 , 0.44
9.1 , 0.51
9.11 , 0.45
9.120000000000001 , 0.34
9.13 , 0.21
9.14 , 0.21
9.15 , 0.32
9.16 , 0.54
9.17 , 0.76
9.18 , 0.93
9.19 , 0.98
9.200000000000001 , 0.98
9.21 , 0.94
9.22 , 0.89
9.23 , 0.8
9.24 , 0.59
9.25 , 0.26
9.26 , -0.18
9.27 , -0.67
9.28 , -1.1
9.290000000000001 , -1.3
9.3 , -1.4
9.31 , -1.3
9.32 , -1.1
9.33 , -0.91
9.34 , -0.62
9.35 , -0.32
9.36 , -0.009
9.370000000000001 , 0.29
9.38 , 0.55
9.39 , 0.73
9.4 , 0.84
9.41 , 0.89
9.42 , 0.87
9.43 , 0.77
9.44 , 0.55
9.450000000000001 , 0.24
9.46 , -0.081
9.47 , -0.27
9.48 , -0.24
9.49 , 0.022
9.5 , 0.37
9.51 , 0.62
9.52 , 0.71
9.53 , 0.59
9.540000000000001 , 0.4
9.55 , 0.23
9.56 , 0.16
9.57 , 0.13
9.58 , 0.12
9.59 , 0.051
9.6 , -0.068
9.61 , -0.21
9.620000000000001 , -0.38
9.63 , -0.61
9.64 , -0.92
9.65 , -1.3
9.66 , -1.6
9.67 , -1.7
9.68 , -1.6
9.69 , -1.4
9.700000000000001 , -1.1
9.71 , -0.7
9.72 , -0.35
9.73 , -0.021
9.74 , 0.32
9.75 , 0.58
9.76 , 0.7
9.77 , 0.67
9.78 , 0.47
9.790000000000001 , 0.18
9.8 , -0.079
9.81 , -0.22
9.82 , -0.17
9.83 , -0.0044
9.84 , 0.23
9.85 , 0.36
9.86 , 0.38
9.870000000000001 , 0.29
9.88 , 0.22
9.89 , 0.28
9.9 , 0.48
9.91 , 0.76
9.92 , 0.99
9.93 , 1.0
9.94 , 0.85
9.950000000000001 , 0.48
9.96 , 0.0008
9.97 , -0.46
9.98 , -0.84
9.99 , -1.1
10.0 , -1.1
10.01 , -1.0
10.02 , -0.85
10.03 , -0.7
10.040000000000001 , -0.65
10.05 , -0.72
10.06 , -0.87
10.07 , -0.99
10.08 , -0.97
10.09 , -0.77
10.1 , -0.45
10.11 , -0.1
10.120000000000001 , 0.19
10.13 , 0.43
10.14 , 0.58
10.15 , 0.67
10.16 , 0.67
10.17 , 0.56
10.18 , 0.34
10.19 , 0.063
10.200000000000001 , -0.22
10.21 , -0.48
10.22 , -0.64
10.23 , -0.75
10.24 , -0.77
10.25 , -0.76
10.26 , -0.7
10.27 , -0.55
10.28 , -0.32
10.290000000000001 , 0.0067
10.3 , 0.39
10.31 , 0.73
10.32 , 0.94
10.33 , 0.98
10.34 , 0.87
10.35 , 0.7
10.36 , 0.55
10.370000000000001 , 0.49
10.38 , 0.52
10.39 , 0.57
10.4 , 0.57
10.41 , 0.44
10.42 , 0.18
10.43 , -0.18
10.44 , -0.55
10.450000000000001 , -0.88
10.46 , -1.1
10.47 , -1.2
10.48 , -1.3
10.49 , -1.3
10.5 , -1.3
10.51 , -1.2
10.52 , -1.2
10.53 , -1.1
10.540000000000001 , -1.0
10.55 , -1.1
10.56 , -1.1
10.57 , -1.1
10.58 , -1.0
10.59 , -0.85
10.6 , -0.64
10.61 , -0.38
10.620000000000001 , -0.12
10.63 , 0.14
10.64 , 0.39
10.65 , 0.59
10.66 , 0.76
10.67 , 0.89
10.68 , 0.98
10.69 , 1.0
10.700000000000001 , 1.1
10.71 , 1.1
10.72 , 1.1
10.73 , 1.0
10.74 , 0.83
10.75 , 0.63
10.76 , 0.48
10.77 , 0.44
10.78 , 0.52
10.790000000000001 , 0.74
10.8 , 1.0
10.81 , 1.4
10.82 , 1.7
10.83 , 1.8
10.84 , 1.8
10.85 , 1.7
10.86 , 1.4
10.870000000000001 , 0.96
10.88 , 0.59
10.89 , 0.33
10.9 , 0.26
10.91 , 0.34
10.92 , 0.53
10.93 , 0.71
10.94 , 0.85
10.950000000000001 , 0.94
10.96 , 0.97
10.97 , 0.97
10.98 , 0.9
10.99 , 0.76
11.0 , 0.57
11.01 , 0.43
11.02 , 0.38
11.03 , 0.46
11.040000000000001 , 0.64
11.05 , 0.81
11.06 , 0.91
11.07 , 0.88
11.08 , 0.8
11.09 , 0.72
11.1 , 0.72
11.11 , 0.78
11.120000000000001 , 0.84
11.13 , 0.77
11.14 , 0.59
11.15 , 0.3
11.16 , -0.021
11.17 , -0.34
11.18 , -0.64
11.19 , -0.97
11.200000000000001 , -1.3
11.21 , -1.6
11.22 , -1.7
11.23 , -1.6
11.24 , -1.3
11.25 , -0.96
11.26 , -0.59
11.27 , -0.33
11.28 , -0.21
11.290000000000001 , -0.12
11.3 , -0.013
11.31 , 0.2
11.32 , 0.45
11.33 , 0.67
11.34 , 0.74
11.35 , 0.65
11.36 , 0.47
11.370000000000001 , 0.24
11.38 , 0.11
11.39 , 0.07
11.4 , 0.11
11.41 , 0.15
11.42 , 0.12
11.43 , 0.066
11.44 , 0.029
11.450000000000001 , 0.059
11.46 , 0.16
11.47 , 0.27
11.48 , 0.3
11.49 , 0.28
11.5 , 0.26
11.51 , 0.32
11.52 , 0.48
11.53 , 0.64
11.540000000000001 , 0.73
11.55 , 0.66
11.56 , 0.5
11.57 , 0.35
11.58 , 0.31
11.59 , 0.35
11.6 , 0.42
11.61 , 0.44
11.620000000000001 , 0.37
11.63 , 0.24
11.64 , 0.11
11.65 , 0.0053
11.66 , -0.038
11.67 , -0.029
11.68 , 0.037
11.69 , 0.2
11.700000000000001 , 0.42
11.71 , 0.65
11.72 , 0.8
11.73 , 0.76
11.74 , 0.52
11.75 , 0.15
11.76 , -0.23
11.77 , -0.52
11.78 , -0.62
11.790000000000001 , -0.59
11.8 , -0.46
11.81 , -0.34
11.82 , -0.24
11.83 , -0.2
11.84 , -0.2
11.85 , -0.22
11.86 , -0.24
11.870000000000001 , -0.28
11.88 , -0.33
11.89 , -0.41
11.9 , -0.46
11.91 , -0.42
11.92 , -0.3
11.93 , -0.12
11.94 , 0.031
11.950000000000001 , 0.12
11.96 , 0.17
11.97 , 0.23
11.98 , 0.35
11.99 , 0.54
12.0 , 0.71
12.01 , 0.8
12.02 , 0.75
12.030000000000001 , 0.61
12.040000000000001 , 0.47
12.05 , 0.41
12.06 , 0.43
12.07 , 0.48
12.08 , 0.5
12.09 , 0.43
12.1 , 0.28
12.11 , 0.027
12.120000000000001 , -0.33
12.13 , -0.72
12.14 , -1.1
12.15 , -1.5
12.16 , -1.7
12.17 , -1.6
12.18 , -1.3
12.19 , -0.94
12.200000000000001 , -0.52
12.21 , -0.26
12.22 , -0.18
12.23 , -0.25
12.24 , -0.37
12.25 , -0.44
12.26 , -0.41
12.27 , -0.32
12.280000000000001 , -0.2
12.290000000000001 , -0.18
12.3 , -0.25
12.31 , -0.38
12.32 , -0.53
12.33 , -0.65
12.34 , -0.7
12.35 , -0.67
12.36 , -0.57
12.370000000000001 , -0.43
12.38 , -0.3
12.39 , -0.19
12.4 , -0.11
12.41 , -0.042
12.42 , 0.058
12.43 , 0.17
12.44 , 0.29
12.450000000000001 , 0.33
12.46 , 0.26
12.47 , 0.043
12.48 , -0.26
12.49 , -0.6
12.5 , -0.88
12.51 , -1.0
12.52 , -1.1
12.530000000000001 , -0.98
12.540000000000001 , -0.85
12.55 , -0.77
12.56 , -0.74
12.57 , -0.73
12.58 , -0.68
12.59 , -0.49
12.6 , -0.19
12.61 , 0.17
12.620000000000001 , 0.49
12.63 , 0.66
12.64 , 0.66
12.65 , 0.54
12.66 , 0.36
12.67 , 0.22
12.68 , 0.11
12.69 , 0.026
12.700000000000001 , -0.084
12.71 , -0.24
12.72 , -0.42
12.73 , -0.56
12.74 , -0.59
12.75 , -0.5
12.76 , -0.32
12.77 , -0.13
12.780000000000001 , 0.066
12.790000000000001 , 0.22
12.8 , 0.39
12.81 , 0.59
12.82 , 0.8
12.83 , 1.1
12.84 , 1.3
12.85 , 1.4
12.86 , 1.5
12.870000000000001 , 1.5
12.88 , 1.4
12.89 , 1.2
12.9 , 0.95
12.91 , 0.69
12.92 , 0.53
12.93 , 0.5
12.94 , 0.6
12.950000000000001 , 0.8
12.96 , 0.99
12.97 , 1.1
12.98 , 1.1
12.99 , 0.97
13.0 , 0.68
13.01 , 0.29
13.02 , -0.11
13.030000000000001 , -0.43
13.040000000000001 , -0.6
13.05 , -0.57
13.06 , -0.38
13.07 , -0.14
13.08 , 0.015
13.09 , -0.02
13.1 , -0.21
13.11 , -0.52
13.120000000000001 , -0.79
13.13 , -0.95
13.14 , -0.97
13.15 , -0.93
13.16 , -0.9
13.17 , -0.95
13.18 , -1.0
13.19 , -1.1
13.200000000000001 , -1.2
13.21 , -1.2
13.22 , -1.1
13.23 , -0.95
13.24 , -0.68
13.25 , -0.31
13.26 , 0.078
13.27 , 0.38
13.280000000000001 , 0.47
13.290000000000001 , 0.33
13.3 , 0.012
13.31 , -0.34
13.32 , -0.63
13.33 , -0.76
13.34 , -0.78
13.35 , -0.7
13.36 , -0.61
13.370000000000001 , -0.58
13.38 , -0.61
13.39 , -0.66
13.4 , -0.69
13.41 , -0.67
13.42 , -0.64
13.43 , -0.64
13.44 , -0.66
13.450000000000001 , -0.69
13.46 , -0.65
13.47 , -0.52
13.48 , -0.3
13.49 , -0.074
13.5 , 0.044
13.51 , 0.0084
13.52 , -0.12
13.530000000000001 , -0.23
13.540000000000001 , -0.25
13.55 , -0.17
13.56 , -0.1
13.57 , -0.14
13.58 , -0.26
13.59 , -0.44
13.6 , -0.49
13.61 , -0.42
13.620000000000001 , -0.25
13.63 , -0.12
13.64 , -0.11
13.65 , -0.23
13.66 , -0.4
13.67 , -0.5
13.68 , -0.51
13.69 , -0.48
13.700000000000001 , -0.45
13.71 , -0.45
13.72 , -0.41
13.73 , -0.29
13.74 , -0.034
13.75 , 0.29
13.76 , 0.62
13.77 , 0.83
13.780000000000001 , 0.85
13.790000000000001 , 0.69
13.8 , 0.41
13.81 , 0.059
13.82 , -0.24
13.83 , -0.5
13.84 , -0.71
13.85 , -0.89
13.86 , -1.0
13.870000000000001 , -1.1
13.88 , -1.0
13.89 , -0.84
13.9 , -0.55
13.91 , -0.22
13.92 , 0.1
13.93 , 0.41
13.94 , 0.66
13.950000000000001 , 0.84
13.96 , 0.87
13.97 , 0.75
13.98 , 0.47
13.99 , 0.14
14.0 , -0.15
14.01 , -0.32
14.02 , -0.35
14.030000000000001 , -0.23
14.040000000000001 , -0.047
14.05 , 0.2
14.06 , 0.5
14.07 , 0.81
14.08 , 1.1
14.09 , 1.3
14.1 , 1.4
14.11 , 1.3
14.120000000000001 , 1.1
14.13 , 0.97
14.14 , 0.94
14.15 , 1.0
14.16 , 1.2
14.17 , 1.3
14.18 , 1.3
14.19 , 1.1
14.200000000000001 , 0.88
14.21 , 0.57
14.22 , 0.24
14.23 , -0.069
14.24 , -0.38
14.25 , -0.67
14.26 , -0.85
14.27 , -0.92
14.280000000000001 , -0.85
14.290000000000001 , -0.75
14.3 , -0.69
14.31 , -0.74
14.32 , -0.85
14.33 , -0.95
14.34 , -0.94
14.35 , -0.76
14.36 , -0.42
14.370000000000001 , 0.052
14.38 , 0.53
14.39 , 0.94
14.4 , 1.3
14.41 , 1.4
14.42 , 1.6
14.43 , 1.6
14.44 , 1.6
14.450000000000001 , 1.5
14.46 , 1.4
14.47 , 1.3
14.48 , 1.2
14.49 , 0.88
14.5 , 0.53
14.51 , 0.1
14.52 , -0.33
14.530000000000001 , -0.69
14.540000000000001 , -0.89
14.55 , -0.93
14.56 , -0.83
14.57 , -0.65
14.58 , -0.49
14.59 , -0.39
14.6 , -0.43
14.61 , -0.55
14.620000000000001 , -0.72
14.63 , -0.87
14.64 , -0.98
14.65 , -1.0
14.66 , -1.0
14.67 , -0.95
14.68 , -0.83
14.69 , -0.65
14.700000000000001 , -0.44
14.71 , -0.23
14.72 , -0.058
14.73 , 0.018
14.74 , -0.0061
14.75 , -0.11
14.76 , -0.29
14.77 , -0.5
14.780000000000001 , -0.7
14.790000000000001 , -0.89
14.8 , -1.0
14.81 , -1.1
14.82 , -0.98
14.83 , -0.75
14.84 , -0.41
14.85 , -0.011
14.86 , 0.35
14.870000000000001 , 0.64
14.88 , 0.86
14.89 , 1.0
14.9 , 1.1
14.91 , 1.2
14.92 , 1.3
14.93 , 1.4
14.94 , 1.6
14.950000000000001 , 1.7
14.96 , 1.9
14.97 , 1.9
14.98 , 1.9
14.99 , 1.6
15.0 , 1.3
15.01 , 0.89
15.02 , 0.63
15.030000000000001 , 0.56
15.040000000000001 , 0.66
15.05 , 0.82
15.06 , 0.85
15.07 , 0.68
15.08 , 0.34
15.09 , -0.077
15.1 , -0.41
15.11 , -0.62
15.120000000000001 , -0.67
15.13 , -0.67
15.14 , -0.67
15.15 , -0.74
15.16 , -0.87
15.17 , -1.1
15.18 , -1.2
15.19 , -1.3
15.200000000000001 , -1.2
15.21 , -0.96
15.22 , -0.61
15.23 , -0.31
15.24 , -0.15
15.25 , -0.2
15.26 , -0.41
15.27 , -0.67
15.280000000000001 , -0.91
15.290000000000001 , -1.1
15.3 , -1.2
15.31 , -1.3
15.32 , -1.4
15.33 , -1.5
15.34 , -1.5
15.35 , -1.4
15.36 , -1.1
15.370000000000001 , -0.72
15.38 , -0.33
15.39 , 0.012
15.4 , 0.28
15.41 , 0.48
15.42 , 0.61
15.43 , 0.68
15.44 , 0.74
15.450000000000001 , 0.75
15.46 , 0.74
15.47 , 0.71
15.48 , 0.68
15.49 , 0.69
15.5 , 0.78
15.51 , 0.92
15.52 , 1.1
15.530000000000001 , 1.1
15.540000000000001 , 1.1
15.55 , 1.0
15.56 , 0.99
15.57 , 1.0
15.58 , 1.1
15.59 , 1.1
15.6 , 0.98
15.610000000000001 , 0.82
15.620000000000001 , 0.72
15.63 , 0.69
15.64 , 0.71
15.65 , 0.68
15.66 , 0.5
15.67 , 0.15
15.68 , -0.28
15.69 , -0.67
15.700000000000001 , -0.91
15.71 , -0.98
15.72 , -0.94
15.73 , -0.86
15.74 , -0.76
15.75 , -0.61
15.76 , -0.4
15.77 , -0.097
15.780000000000001 , 0.24
15.790000000000001 , 0.52
15.8 , 0.74
15.81 , 0.9
15.82 , 1.1
15.83 , 1.3
15.84 , 1.6
15.85 , 1.9
15.860000000000001 , 2.0
15.870000000000001 , 1.9
15.88 , 1.5
15.89 , 1.1
15.9 , 0.74
15.91 , 0.56
15.92 , 0.52
15.93 , 0.57
15.94 , 0.63
15.950000000000001 , 0.67
15.96 , 0.72
15.97 , 0.87
15.98 , 1.1
15.99 , 1.3
16.0 , 1.3
16.01 , 1.2
16.02 , 0.75
16.03 , 0.17
16.04 , -0.46
16.05 , -1.1
16.06 , -1.5
16.07 , -1.8
16.080000000000002 , -1.9
16.09 , -1.8
16.1 , -1.5
16.11 , -1.2
16.12 , -0.79
16.13 , -0.52
16.14 , -0.38
16.15 , -0.39
16.16 , -0.42
16.17 , -0.4
16.18 , -0.27
16.19 , -0.083
16.2 , 0.1
16.21 , 0.19
16.22 , 0.13
16.23 , -0.029
16.240000000000002 , -0.26
16.25 , -0.5
16.26 , -0.69
16.27 , -0.82
16.28 , -0.84
16.29 , -0.74
16.3 , -0.57
16.31 , -0.39
16.32 , -0.28
16.330000000000002 , -0.3
16.34 , -0.41
16.35 , -0.56
16.36 , -0.6
16.37 , -0.49
16.38 , -0.26
16.39 , 0.017
16.4 , 0.21
16.41 , 0.29
16.42 , 0.23
16.43 , 0.07
16.44 , -0.12
16.45 , -0.33
16.46 , -0.5
16.47 , -0.64
16.48 , -0.74
16.490000000000002 , -0.76
16.5 , -0.69
16.51 , -0.57
16.52 , -0.43
16.53 , -0.39
16.54 , -0.49
16.55 , -0.66
16.56 , -0.85
16.57 , -0.92
16.580000000000002 , -0.85
16.59 , -0.6
16.6 , -0.27
16.61 , 0.1
16.62 , 0.4
16.63 , 0.58
16.64 , 0.66
16.65 , 0.67
16.66 , 0.65
16.67 , 0.65
16.68 , 0.67
16.69 , 0.7
16.7 , 0.76
16.71 , 0.82
16.72 , 0.88
16.73 , 0.92
16.740000000000002 , 0.91
16.75 , 0.81
16.76 , 0.66
16.77 , 0.46
16.78 , 0.27
16.79 , 0.11
16.8 , -0.0066
16.81 , -0.11
16.82 , -0.21
16.830000000000002 , -0.31
16.84 , -0.42
16.85 , -0.52
16.86 , -0.56
16.87 , -0.57
16.88 , -0.5
16.89 , -0.4
16.9 , -0.26
16.91 , -0.098
16.92 , 0.077
16.93 , 0.3
16.94 , 0.55
16.95 , 0.78
16.96 , 1.0
16.97 , 1.2
16.98 , 1.3
16.990000000000002 , 1.5
17.0 , 1.6
17.01 , 1.6
17.02 , 1.5
17.03 , 1.3
17.04 , 1.0
17.05 , 0.72
17.06 , 0.47
17.07 , 0.28
17.080000000000002 , 0.11
17.09 , -0.078
17.1 , -0.29
17.11 , -0.48
17.12 , -0.6
17.13 , -0.62
17.14 , -0.6
17.150000000000002 , -0.58
17.16 , -0.6
17.17 , -0.68
17.18 , -0.73
17.19 , -0.74
17.2 , -0.71
17.21 , -0.68
17.22 , -0.69
17.23 , -0.71
17.240000000000002 , -0.72
17.25 , -0.68
17.26 , -0.62
17.27 , -0.56
17.28 , -0.54
17.29 , -0.49
17.3 , -0.43
17.31 , -0.32
17.32 , -0.16
17.330000000000002 , -0.0015
17.34 , 0.14
17.35 , 0.23
17.36 , 0.34
17.37 , 0.45
17.38 , 0.61
17.39 , 0.8
17.400000000000002 , 1.0
17.41 , 1.2
17.42 , 1.3
17.43 , 1.2
17.44 , 0.93
17.45 , 0.48
17.46 , 0.0
17.47 , -0.41
17.48 , -0.61
17.490000000000002 , -0.62
17.5 , -0.48
17.51 , -0.28
17.52 , -0.11
17.53 , -0.0059
17.54 , -0.0014
17.55 , -0.1
17.56 , -0.29
17.57 , -0.49
17.580000000000002 , -0.63
17.59 , -0.7
17.6 , -0.65
17.61 , -0.58
17.62 , -0.52
17.63 , -0.46
17.64 , -0.4
17.650000000000002 , -0.34
17.66 , -0.27
17.67 , -0.23
17.68 , -0.26
17.69 , -0.35
17.7 , -0.44
17.71 , -0.48
17.72 , -0.4
17.73 , -0.27
17.740000000000002 , -0.22
17.75 , -0.33
17.76 , -0.65
17.77 , -1.1
17.78 , -1.4
17.79 , -1.5
17.8 , -1.3
17.81 , -0.87
17.82 , -0.5
17.830000000000002 , -0.3
17.84 , -0.31
17.85 , -0.45
17.86 , -0.56
17.87 , -0.55
17.88 , -0.38
17.89 , -0.095
17.900000000000002 , 0.24
17.91 , 0.59
17.92 , 0.91
17.93 , 1.2
17.94 , 1.4
17.95 , 1.5
17.96 , 1.4
17.97 , 1.2
17.98 , 0.85
17.990000000000002 , 0.52
18.0 , 0.2
18.01 , -0.11
18.02 , -0.46
18.03 , -0.84
18.04 , -1.1
18.05 , -1.3
18.06 , -1.2
18.07 , -0.81
18.080000000000002 , -0.28
18.09 , 0.2
18.1 , 0.48
18.11 , 0.53
18.12 , 0.42
18.13 , 0.31
18.14 , 0.33
18.150000000000002 , 0.45
18.16 , 0.62
18.17 , 0.73
18.18 , 0.74
18.19 , 0.69
18.2 , 0.62
18.21 , 0.57
18.22 , 0.5
18.23 , 0.4
18.240000000000002 , 0.26
18.25 , 0.14
18.26 , 0.11
18.27 , 0.18
18.28 , 0.36
18.29 , 0.52
18.3 , 0.61
18.31 , 0.57
18.32 , 0.45
18.330000000000002 , 0.31
18.34 , 0.22
18.35 , 0.2
18.36 , 0.18
18.37 , 0.11
18.38 , -0.037
18.39 , -0.27
18.400000000000002 , -0.49
18.41 , -0.69
18.42 , -0.82
18.43 , -0.89
18.44 , -0.88
18.45 , -0.79
18.46 , -0.65
18.47 , -0.44
18.48 , -0.23
18.490000000000002 , -0.11
18.5 , -0.073
18.51 , -0.14
18.52 , -0.28
18.53 , -0.45
18.54 , -0.64
18.55 , -0.82
18.56 , -0.93
18.57 , -0.94
18.580000000000002 , -0.81
18.59 , -0.51
18.6 , -0.11
18.61 , 0.31
18.62 , 0.63
18.63 , 0.81
18.64 , 0.77
18.650000000000002 , 0.6
18.66 , 0.34
18.67 , 0.068
18.68 , -0.14
18.69 , -0.33
18.7 , -0.51
18.71 , -0.68
18.72 , -0.79
18.73 , -0.83
18.740000000000002 , -0.75
18.75 , -0.6
18.76 , -0.38
18.77 , -0.15
18.78 , 0.072
18.79 , 0.26
18.8 , 0.45
18.81 , 0.61
18.82 , 0.77
18.830000000000002 , 0.9
18.84 , 0.99
18.85 , 1.1
18.86 , 1.2
18.87 , 1.3
18.88 , 1.3
18.89 , 1.3
18.900000000000002 , 1.2
18.91 , 0.99
18.92 , 0.6
18.93 , 0.16
18.94 , -0.25
18.95 , -0.56
18.96 , -0.74
18.97 , -0.83
18.98 , -0.88
18.990000000000002 , -1.0
19.0 , -1.2
19.01 , -1.4
19.02 , -1.5
19.03 , -1.5
19.04 , -1.3
19.05 , -1.1
19.06 , -0.78
19.07 , -0.51
19.080000000000002 , -0.26
19.09 , -0.032
19.1 , 0.19
19.11 , 0.37
19.12 , 0.48
19.13 , 0.51
19.14 , 0.5
19.150000000000002 , 0.48
19.16 , 0.43
19.17 , 0.32
19.18 , 0.097
19.19 , -0.19
19.2 , -0.43
19.21 , -0.55
19.22 , -0.47
19.23 , -0.26
19.240000000000002 , 0.033
19.25 , 0.33
19.26 , 0.6
19.27 , 0.84
19.28 , 1.0
19.29 , 1.1
19.3 , 1.0
19.31 , 0.86
19.32 , 0.62
19.330000000000002 , 0.36
19.34 , 0.12
19.35 , -0.091
19.36 , -0.27
19.37 , -0.39
19.38 , -0.43
19.39 , -0.4
19.400000000000002 , -0.23
19.41 , 0.0072
19.42 , 0.35
19.43 , 0.7
19.44 , 1.0
19.45 , 1.2
19.46 , 1.2
19.47 , 0.96
19.48 , 0.63
19.490000000000002 , 0.29
19.5 , 0.03
19.51 , -0.13
19.52 , -0.16
19.53 , -0.12
19.54 , -0.062
19.55 , -0.045
19.56 , -0.1
19.57 , -0.27
19.580000000000002 , -0.5
19.59 , -0.81
19.6 , -1.1
19.61 , -1.3
19.62 , -1.3
19.63 , -1.2
19.64 , -0.91
19.650000000000002 , -0.63
19.66 , -0.45
19.67 , -0.39
19.68 , -0.43
19.69 , -0.53
19.7 , -0.58
19.71 , -0.56
19.72 , -0.42
19.73 , -0.15
19.740000000000002 , 0.21
19.75 , 0.66
19.76 , 1.1
19.77 , 1.4
19.78 , 1.5
19.79 , 1.4
19.8 , 1.2
19.81 , 0.96
19.82 , 0.75
19.830000000000002 , 0.66
19.84 , 0.64
19.85 , 0.64
19.86 , 0.63
19.87 , 0.61
19.88 , 0.56
19.89 , 0.52
19.900000000000002 , 0.47
19.91 , 0.4
19.92 , 0.32
19.93 , 0.24
19.94 , 0.19
19.95 , 0.17
19.96 , 0.14
19.97 , 0.048
19.98 , -0.17
19.990000000000002 , -0.45
20.0 , -0.78
20.01 , -1.0
20.02 , -1.1
20.03 , -1.1
20.04 , -0.96
20.05 , -0.88
20.06 , -0.85
20.07 , -0.87
20.080000000000002 , -0.82
20.09 , -0.66
20.1 , -0.39
20.11 , -0.14
20.12 , 0.013
20.13 , -0.011
20.14 , -0.12
20.150000000000002 , -0.19
20.16 , -0.12
20.17 , 0.1
20.18 , 0.34
20.19 , 0.48
20.2 , 0.44
20.21 , 0.27
20.22 , 0.1
20.23 , 0.063
20.240000000000002 , 0.21
20.25 , 0.47
20.26 , 0.72
20.27 , 0.86
20.28 , 0.85
20.29 , 0.76
20.3 , 0.67
20.31 , 0.59
20.32 , 0.53
20.330000000000002 , 0.46
20.34 , 0.4
20.35 , 0.41
20.36 , 0.53
20.37 , 0.74
20.38 , 1.0
20.39 , 1.2
20.400000000000002 , 1.2
20.41 , 1.2
20.42 , 1.0
20.43 , 0.79
20.44 , 0.51
20.45 , 0.17
20.46 , -0.27
20.47 , -0.76
20.48 , -1.2
20.490000000000002 , -1.5
20.5 , -1.5
20.51 , -1.4
20.52 , -1.1
20.53 , -0.83
20.54 , -0.59
20.55 , -0.38
20.56 , -0.19
20.57 , 0.043
20.580000000000002 , 0.24
20.59 , 0.36
20.6 , 0.37
20.61 , 0.24
20.62 , 0.06
20.63 , -0.076
20.64 , -0.1
20.650000000000002 , 0.037
20.66 , 0.27
20.67 , 0.51
20.68 , 0.66
20.69 , 0.69
20.7 , 0.6
20.71 , 0.45
20.72 , 0.32
20.73 , 0.26
20.740000000000002 , 0.35
20.75 , 0.51
20.76 , 0.74
20.77 , 0.88
20.78 , 0.91
20.79 , 0.75
20.8 , 0.47
20.81 , 0.17
20.82 , -0.054
20.830000000000002 , -0.12
20.84 , -0.076
20.85 , -0.0087
20.86 , -0.018
20.87 , -0.16
20.88 , -0.43
20.89 , -0.79
20.900000000000002 , -1.2
20.91 , -1.5
20.92 , -1.7
20.93 , -1.7
20.94 , -1.5
20.95 , -1.2
20.96 , -0.95
20.97 , -0.74
20.98 , -0.64
20.990000000000002 , -0.65
21.0 , -0.72
21.01 , -0.78
21.02 , -0.78
21.03 , -0.71
21.04 , -0.56
21.05 , -0.35
21.06 , -0.15
21.07 , -0.065
21.080000000000002 , -0.14
21.09 , -0.34
21.1 , -0.55
21.11 , -0.64
21.12 , -0.58
21.13 , -0.43
21.14 , -0.28
21.150000000000002 , -0.22
21.16 , -0.25
21.17 , -0.28
21.18 , -0.27
21.19 , -0.21
21.2 , -0.14
21.21 , -0.12
21.22 , -0.13
21.23 , -0.15
21.240000000000002 , -0.12
21.25 , 0.013
21.26 , 0.23
21.27 , 0.51
21.28 , 0.79
21.29 , 1.1
21.3 , 1.3
21.31 , 1.5
21.32 , 1.5
21.330000000000002 , 1.5
21.34 , 1.3
21.35 , 1.0
21.36 , 0.67
21.37 , 0.37
21.38 , 0.16
21.39 , 0.091
21.400000000000002 , 0.12
21.41 , 0.22
21.42 , 0.37
21.43 , 0.46
21.44 , 0.55
21.45 , 0.58
21.46 , 0.61
21.47 , 0.64
21.48 , 0.67
21.490000000000002 , 0.65
21.5 , 0.62
21.51 , 0.53
21.52 , 0.38
21.53 , 0.2
21.54 , -0.061
21.55 , -0.34
21.56 , -0.63
21.57 , -0.9
21.580000000000002 , -1.1
21.59 , -1.2
21.6 , -1.2
21.61 , -1.1
21.62 , -0.92
21.63 , -0.69
21.64 , -0.43
21.650000000000002 , -0.16
21.66 , 0.095
21.67 , 0.25
21.68 , 0.29
21.69 , 0.22
21.7 , 0.076
21.71 , -0.053
21.72 , -0.14
21.73 , -0.18
21.740000000000002 , -0.25
21.75 , -0.42
21.76 , -0.7
21.77 , -1.0
21.78 , -1.3
21.79 , -1.4
21.8 , -1.4
21.81 , -1.1
21.82 , -0.79
21.830000000000002 , -0.43
21.84 , -0.12
21.85 , 0.1
21.86 , 0.19
21.87 , 0.14
21.88 , -0.015
21.89 , -0.21
21.900000000000002 , -0.38
21.91 , -0.44
21.92 , -0.38
21.93 , -0.23
21.94 , -0.042
21.95 , 0.12
21.96 , 0.22
21.97 , 0.27
21.98 , 0.31
21.990000000000002 , 0.36
22.0 , 0.41
22.01 , 0.41
22.02 , 0.33
22.03 , 0.17
22.04 , -0.02
22.05 , -0.22
22.06 , -0.39
22.07 , -0.54
22.080000000000002 , -0.67
22.09 , -0.8
22.1 , -0.88
22.11 , -0.95
22.12 , -0.98
22.13 , -1.0
22.14 , -1.1
22.150000000000002 , -1.2
22.16 , -1.2
22.17 , -1.2
22.18 , -1.1
22.19 , -0.77
22.2 , -0.34
22.21 , 0.11
22.22 , 0.45
22.23 , 0.67
22.240000000000002 , 0.79
22.25 , 0.85
22.26 , 0.92
22.27 , 0.93
22.28 , 0.85
22.29 , 0.64
22.3 , 0.34
22.31 , 0.018
22.32 , -0.2
22.330000000000002 , -0.31
22.34 , -0.34
22.35 , -0.37
22.36 , -0.4
22.37 , -0.36
22.38 , -0.22
22.39 , 0.047
22.400000000000002 , 0.38
22.41 , 0.63
22.42 , 0.65
22.43 , 0.44
22.44 , 0.097
22.45 , -0.19
22.46 , -0.3
22.47 , -0.24
22.48 , -0.1
22.490000000000002 , 0.0008
22.5 , 0.0078
22.51 , -0.05
22.52 , -0.11
22.53 , -0.099
22.54 , -0.055
22.55 , -0.022
22.56 , -0.063
22.57 , -0.17
22.580000000000002 , -0.26
22.59 , -0.24
22.6 , -0.051
22.61 , 0.27
22.62 , 0.63
22.63 , 0.92
22.64 , 1.1
22.650000000000002 , 1.1
22.66 , 1.1
22.67 , 1.1
22.68 , 1.1
22.69 , 0.95
22.7 , 0.71
22.71 , 0.3
22.72 , -0.2
22.73 , -0.71
22.740000000000002 , -1.1
22.75 , -1.4
22.76 , -1.6
22.77 , -1.6
22.78 , -1.6
22.79 , -1.5
22.8 , -1.4
22.81 , -1.4
22.82 , -1.6
22.830000000000002 , -1.9
22.84 , -2.1
22.85 , -2.1
22.86 , -1.9
22.87 , -1.5
22.88 , -1.0
22.89 , -0.56
22.900000000000002 , -0.25
22.91 , -0.057
22.92 , -0.0054
22.93 , -0.012
22.94 , -0.019
22.95 , 0.031
22.96 , 0.19
22.97 , 0.4
22.98 , 0.64
22.990000000000002 , 0.82
23.0 , 0.97
23.01 , 1.1
23.02 , 1.2
23.03 , 1.3
23.04 , 1.4
23.05 , 1.5
23.06 , 1.4
23.07 , 1.4
23.080000000000002 , 1.3
23.09 , 1.4
23.1 , 1.4
23.11 , 1.4
23.12 , 1.4
23.13 , 1.2
23.14 , 1.1
23.150000000000002 , 0.98
23.16 , 0.95
23.17 , 1.0
23.18 , 1.2
23.19 , 1.4
23.2 , 1.7
23.21 , 1.9
23.22 , 1.9
23.23 , 1.6
23.240000000000002 , 1.2
23.25 , 0.67
23.26 , 0.2
23.27 , -0.096
23.28 , -0.21
23.29 , -0.25
23.3 , -0.28
23.31 , -0.39
23.32 , -0.58
23.330000000000002 , -0.79
23.34 , -1.0
23.35 , -1.2
23.36 , -1.3
23.37 , -1.5
23.38 , -1.6
23.39 , -1.6
23.400000000000002 , -1.5
23.41 , -1.1
23.42 , -0.59
23.43 , -0.054
23.44 , 0.41
23.45 , 0.72
23.46 , 0.87
23.47 , 0.86
23.48 , 0.78
23.490000000000002 , 0.66
23.5 , 0.54
23.51 , 0.43
23.52 , 0.35
23.53 , 0.29
23.54 , 0.22
23.55 , 0.15
23.56 , 0.074
23.57 , -0.013
23.580000000000002 , -0.12
23.59 , -0.24
23.6 , -0.34
23.61 , -0.35
23.62 , -0.3
23.63 , -0.2
23.64 , -0.14
23.650000000000002 , -0.19
23.66 , -0.32
23.67 , -0.51
23.68 , -0.63
23.69 , -0.68
23.7 , -0.61
23.71 , -0.49
23.72 , -0.4
23.73 , -0.35
23.740000000000002 , -0.39
23.75 , -0.45
23.76 , -0.48
23.77 , -0.41
23.78 , -0.22
23.79 , 0.065
23.8 , 0.42
23.81 , 0.74
23.82 , 0.95
23.830000000000002 , 0.96
23.84 , 0.76
23.85 , 0.38
23.86 , -0.058
23.87 , -0.45
23.88 , -0.68
23.89 , -0.73
23.900000000000002 , -0.67
23.91 , -0.56
23.92 , -0.46
23.93 , -0.37
23.94 , -0.24
23.95 , -0.032
23.96 , 0.27
23.97 , 0.62
23.98 , 0.95
23.990000000000002 , 1.2
24.0 , 1.3
24.01 , 1.3
24.02 , 1.2
24.03 , 0.87
24.04 , 0.52
24.05 , 0.16
24.060000000000002 , -0.092
24.07 , -0.18
24.080000000000002 , -0.093
24.09 , 0.11
24.1 , 0.34
24.11 , 0.44
24.12 , 0.43
24.13 , 0.26
24.14 , 0.078
24.150000000000002 , -0.043
24.16 , -0.078
24.17 , -0.014
24.18 , 0.077
24.19 , 0.1
24.2 , 0.037
24.21 , -0.11
24.22 , -0.31
24.23 , -0.48
24.240000000000002 , -0.63
24.25 , -0.71
24.26 , -0.69
24.27 , -0.55
24.28 , -0.28
24.29 , 0.071
24.3 , 0.43
24.310000000000002 , 0.7
24.32 , 0.85
24.330000000000002 , 0.86
24.34 , 0.8
24.35 , 0.71
24.36 , 0.64
24.37 , 0.54
24.38 , 0.43
24.39 , 0.3
24.400000000000002 , 0.23
24.41 , 0.29
24.42 , 0.45
24.43 , 0.66
24.44 , 0.76
24.45 , 0.7
24.46 , 0.47
24.47 , 0.19
24.48 , -0.015
24.490000000000002 , -0.13
24.5 , -0.17
24.51 , -0.21
24.52 , -0.3
24.53 , -0.41
24.54 , -0.49
24.55 , -0.51
24.560000000000002 , -0.45
24.57 , -0.34
24.580000000000002 , -0.25
24.59 , -0.22
24.6 , -0.23
24.61 , -0.22
24.62 , -0.14
24.63 , -0.0069
24.64 , 0.13
24.650000000000002 , 0.18
24.66 , 0.13
24.67 , 0.026
24.68 , -0.0057
24.69 , 0.073
24.7 , 0.26
24.71 , 0.43
24.72 , 0.48
24.73 , 0.39
24.740000000000002 , 0.23
24.75 , 0.14
24.76 , 0.18
24.77 , 0.28
24.78 , 0.32
24.79 , 0.19
24.8 , -0.093
24.810000000000002 , -0.46
24.82 , -0.76
24.830000000000002 , -0.94
24.84 , -1.0
24.85 , -1.0
24.86 , -1.1
24.87 , -1.1
24.88 , -1.2
24.89 , -1.1
24.900000000000002 , -1.1
24.91 , -0.97
24.92 , -0.78
24.93 , -0.53
24.94 , -0.23
24.95 , 0.087
24.96 , 0.38
24.97 , 0.61
24.98 , 0.69
24.990000000000002 , 0.59
25.0 , 0.28
25.01 , -0.24
25.02 , -0.84
25.03 , -1.4
25.04 , -1.8
25.05 , -1.9
25.060000000000002 , -1.8
25.07 , -1.5
25.080000000000002 , -1.2
25.09 , -1.0
25.1 , -0.84
25.11 , -0.74
25.12 , -0.68
25.13 , -0.6
25.14 , -0.54
25.150000000000002 , -0.44
25.16 , -0.34
25.17 , -0.23
25.18 , -0.15
25.19 , -0.088
25.2 , -0.031
25.21 , -0.0075
25.22 , 0.068
25.23 , 0.21
25.240000000000002 , 0.42
25.25 , 0.67
25.26 , 0.88
25.27 , 0.98
25.28 , 0.97
25.29 , 0.89
25.3 , 0.79
25.310000000000002 , 0.67
25.32 , 0.54
25.330000000000002 , 0.33
25.34 , 0.1
25.35 , -0.14
25.36 , -0.3
25.37 , -0.35
25.38 , -0.28
25.39 , -0.14
25.400000000000002 , 0.056
25.41 , 0.24
25.42 , 0.44
25.43 , 0.61
25.44 , 0.77
25.45 , 0.88
25.46 , 0.96
25.47 , 0.99
25.48 , 0.96
25.490000000000002 , 0.89
25.5 , 0.8
25.51 , 0.69
25.52 , 0.58
25.53 , 0.51
25.54 , 0.46
25.55 , 0.45
25.560000000000002 , 0.44
25.57 , 0.42
25.580000000000002 , 0.33
25.59 , 0.19
25.6 , -0.006
25.61 , -0.17
25.62 , -0.24
25.63 , -0.16
25.64 , 0.032
25.650000000000002 , 0.26
25.66 , 0.44
25.67 , 0.5
25.68 , 0.48
25.69 , 0.44
25.7 , 0.5
25.71 , 0.72
25.72 , 1.0
25.73 , 1.4
25.740000000000002 , 1.5
25.75 , 1.5
25.76 , 1.2
25.77 , 0.82
25.78 , 0.41
25.79 , 0.092
25.8 , -0.13
25.810000000000002 , -0.24
25.82 , -0.31
25.830000000000002 , -0.33
25.84 , -0.29
25.85 , -0.18
25.86 , -0.036
25.87 , 0.12
25.88 , 0.24
25.89 , 0.28
25.900000000000002 , 0.29
25.91 , 0.26
25.92 , 0.24
25.93 , 0.2
25.94 , 0.14
25.95 , 0.053
25.96 , -0.069
25.97 , -0.19
25.98 , -0.3
25.990000000000002 , -0.39
26.0 , -0.42
26.01 , -0.44
26.02 , -0.42
26.03 , -0.38
26.04 , -0.29
26.05 , -0.22
26.060000000000002 , -0.13
26.07 , -0.068
26.080000000000002 , -0.034
26.09 , 0.023
26.1 , 0.16
26.11 , 0.37
26.12 , 0.65
26.13 , 0.91
26.14 , 1.1
26.150000000000002 , 1.1
26.16 , 1.0
26.17 , 0.78
26.18 , 0.46
26.19 , 0.12
26.2 , -0.19
26.21 , -0.45
26.22 , -0.65
26.23 , -0.8
26.240000000000002 , -0.92
26.25 , -1.0
26.26 , -1.1
26.27 , -1.2
26.28 , -1.4
26.29 , -1.5
26.3 , -1.5
26.310000000000002 , -1.4
26.32 , -1.1
26.330000000000002 , -0.81
26.34 , -0.52
26.35 , -0.35
26.36 , -0.26
26.37 , -0.2
26.38 , -0.061
26.39 , 0.16
26.400000000000002 , 0.4
26.41 , 0.61
26.42 , 0.75
26.43 , 0.81
26.44 , 0.8
26.45 , 0.78
26.46 , 0.71
26.47 , 0.58
26.48 , 0.39
26.490000000000002 , 0.19
26.5 , 0.0094
26.51 , -0.065
26.52 , -0.042
26.53 , 0.063
26.54 , 0.2
26.55 , 0.34
26.560000000000002 , 0.44
26.57 , 0.45
26.580000000000002 , 0.42
26.59 , 0.32
26.6 , 0.17
26.61 , -0.0008
26.62 , -0.15
26.63 , -0.21
26.64 , -0.092
26.650000000000002 , 0.18
26.66 , 0.54
26.67 , 0.8
26.68 , 0.85
26.69 , 0.63
26.7 , 0.2
26.71 , -0.29
26.72 , -0.65
26.73 , -0.87
26.740000000000002 , -0.91
26.75 , -0.85
26.76 , -0.71
26.77 , -0.45
26.78 , -0.13
26.79 , 0.23
26.8 , 0.5
26.810000000000002 , 0.61
26.82 , 0.59
26.830000000000002 , 0.53
26.84 , 0.54
26.85 , 0.63
26.86 , 0.75
26.87 , 0.75
26.88 , 0.56
26.89 , 0.2
26.900000000000002 , -0.22
26.91 , -0.52
26.92 , -0.6
26.93 , -0.45
26.94 , -0.16
26.95 , 0.12
26.96 , 0.32
26.97 , 0.41
26.98 , 0.39
26.990000000000002 , 0.33
27.0 , 0.26
27.01 , 0.16
27.02 , 0.059
27.03 , -0.056
27.04 , -0.16
27.05 , -0.25
27.060000000000002 , -0.32
27.07 , -0.39
27.080000000000002 , -0.48
27.09 , -0.58
27.1 , -0.7
27.11 , -0.77
27.12 , -0.79
27.13 , -0.74
27.14 , -0.62
27.150000000000002 , -0.48
27.16 , -0.4
27.17 , -0.37
27.18 , -0.36
27.19 , -0.28
27.2 , -0.064
27.21 , 0.27
27.22 , 0.62
27.23 , 0.87
27.240000000000002 , 0.94
27.25 , 0.84
27.26 , 0.65
27.27 , 0.44
27.28 , 0.29
27.29 , 0.21
27.3 , 0.21
27.310000000000002 , 0.25
27.32 , 0.35
27.330000000000002 , 0.5
27.34 , 0.68
27.35 , 0.82
27.36 , 0.87
27.37 , 0.79
27.38 , 0.6
27.39 , 0.3
27.400000000000002 , -0.0064
27.41 , -0.29
27.42 , -0.48
27.43 , -0.59
27.44 , -0.59
27.45 , -0.53
27.46 , -0.42
27.47 , -0.33
27.48 , -0.27
27.490000000000002 , -0.25
27.5 , -0.26
27.51 , -0.25
27.52 , -0.22
27.53 , -0.14
27.54 , -0.028
27.55 , 0.062
27.560000000000002 , 0.12
27.57 , 0.14
27.580000000000002 , 0.13
27.59 , 0.15
27.6 , 0.18
27.61 , 0.25
27.62 , 0.31
27.63 , 0.38
27.64 , 0.43
27.650000000000002 , 0.46
27.66 , 0.47
27.67 , 0.47
27.68 , 0.44
27.69 , 0.38
27.7 , 0.32
27.71 , 0.24
27.72 , 0.18
27.73 , 0.15
27.740000000000002 , 0.15
27.75 , 0.11
27.76 , -0.01
27.77 , -0.25
27.78 , -0.58
27.79 , -0.92
27.8 , -1.2
27.810000000000002 , -1.3
27.82 , -1.3
27.830000000000002 , -1.1
27.84 , -0.82
27.85 , -0.47
27.86 , -0.12
27.87 , 0.2
27.88 , 0.47
27.89 , 0.66
27.900000000000002 , 0.77
27.91 , 0.79
27.92 , 0.74
27.93 , 0.63
27.94 , 0.5
27.95 , 0.33
27.96 , 0.13
27.97 , -0.14
27.98 , -0.39
27.990000000000002 , -0.6
28.0 , -0.73
28.01 , -0.79
28.02 , -0.84
28.03 , -0.95
28.04 , -1.1
28.05 , -1.3
28.060000000000002 , -1.4
28.07 , -1.3
28.080000000000002 , -1.1
28.09 , -0.79
28.1 , -0.45
28.11 , -0.2
28.12 , -0.084
28.13 , -0.095
28.14 , -0.17
28.150000000000002 , -0.25
28.16 , -0.26
28.17 , -0.19
28.18 , -0.11
28.19 , 0.0004
28.2 , 0.11
28.21 , 0.23
28.22 , 0.4
28.23 , 0.59
28.240000000000002 , 0.76
28.25 , 0.86
28.26 , 0.9
28.27 , 0.89
28.28 , 0.9
28.29 , 0.94
28.3 , 1.0
28.310000000000002 , 1.1
28.32 , 1.2
28.330000000000002 , 1.2
28.34 , 1.1
28.35 , 0.88
28.36 , 0.6
28.37 , 0.25
28.38 , -0.065
28.39 , -0.31
28.400000000000002 , -0.43
28.41 , -0.43
28.42 , -0.4
28.43 , -0.43
28.44 , -0.53
28.45 , -0.69
28.46 , -0.8
28.47 , -0.8
28.48 , -0.67
28.490000000000002 , -0.43
28.5 , -0.18
28.51 , 0.032
28.52 , 0.15
28.53 , 0.18
28.54 , 0.14
28.55 , 0.066
28.560000000000002 , 0.0005
28.57 , -0.077
28.580000000000002 , -0.14
28.59 , -0.22
28.6 , -0.28
28.61 , -0.31
28.62 , -0.3
28.63 , -0.28
28.64 , -0.27
28.650000000000002 , -0.32
28.66 , -0.36
28.67 , -0.4
28.68 , -0.36
28.69 , -0.29
28.7 , -0.25
28.71 , -0.28
28.72 , -0.37
28.73 , -0.47
28.740000000000002 , -0.5
28.75 , -0.45
28.76 , -0.33
28.77 , -0.24
28.78 , -0.22
28.79 , -0.27
28.8 , -0.32
28.810000000000002 , -0.29
28.82 , -0.18
28.830000000000002 , -0.0051
28.84 , 0.15
28.85 , 0.27
28.86 , 0.34
28.87 , 0.41
28.88 , 0.47
28.89 , 0.5
28.900000000000002 , 0.43
28.91 , 0.24
28.92 , -0.0015
28.93 , -0.22
28.94 , -0.3
28.95 , -0.26
28.96 , -0.12
28.97 , 0.053
28.98 , 0.2
28.990000000000002 , 0.31
29.0 , 0.39
29.01 , 0.44
29.02 , 0.44
29.03 , 0.37
29.04 , 0.23
29.05 , 0.061
29.060000000000002 , -0.042
29.07 , -0.033
29.080000000000002 , 0.1
29.09 , 0.29
29.1 , 0.47
29.11 , 0.52
29.12 , 0.44
29.13 , 0.28
29.14 , 0.062
29.150000000000002 , -0.1
29.16 , -0.21
29.17 , -0.3
29.18 , -0.43
29.19 , -0.66
29.2 , -0.97
29.21 , -1.3
29.22 , -1.5
29.23 , -1.7
29.240000000000002 , -1.6
29.25 , -1.5
29.26 , -1.3
29.27 , -1.2
29.28 , -0.92
29.29 , -0.7
29.3 , -0.5
29.310000000000002 , -0.36
29.32 , -0.32
29.330000000000002 , -0.38
29.34 , -0.48
29.35 , -0.54
29.36 , -0.5
29.37 , -0.39
29.38 , -0.24
29.39 , -0.13
29.400000000000002 , -0.062
29.41 , -0.019
29.42 , 0.092
29.43 , 0.32
29.44 , 0.65
29.45 , 1.0
29.46 , 1.4
29.47 , 1.6
29.48 , 1.8
29.490000000000002 , 1.8
29.5 , 1.8
29.51 , 1.8
29.52 , 1.7
29.53 , 1.5
29.54 , 1.2
29.55 , 0.83
29.560000000000002 , 0.44
29.57 , 0.078
29.580000000000002 , -0.23
29.59 , -0.47
29.6 , -0.64
29.61 , -0.73
29.62 , -0.74
29.63 , -0.69
29.64 , -0.59
29.650000000000002 , -0.46
29.66 , -0.32
29.67 , -0.2
29.68 , -0.098
29.69 , -0.017
29.7 , 0.035
29.71 , 0.057
29.72 , 0.03
29.73 , -0.044
29.740000000000002 , -0.14
29.75 , -0.25
29.76 , -0.3
29.77 , -0.26
29.78 , -0.12
29.79 , 0.12
29.8 , 0.39
29.810000000000002 , 0.63
29.82 , 0.77
29.830000000000002 , 0.75
29.84 , 0.62
29.85 , 0.44
29.86 , 0.26
29.87 , 0.14
29.88 , 0.12
29.89 , 0.19
29.900000000000002 , 0.33
29.91 , 0.42
29.92 , 0.41
29.93 , 0.28
29.94 , 0.079
29.95 , -0.093
29.96 , -0.13
29.97 , -0.0096
29.98 , 0.23
29.990000000000002 , 0.48
30.0 , 0.67
30.01 , 0.69
30.02 , 0.59
30.03 , 0.39
30.04 , 0.14
30.05 , -0.085
30.060000000000002 , -0.26
30.07 , -0.37
30.080000000000002 , -0.36
30.09 , -0.27
30.1 , -0.12
30.11 , 0.023
30.12 , 0.13
30.13 , 0.16
30.14 , 0.12
30.150000000000002 , 0.034
30.16 , -0.055
30.17 , -0.11
30.18 , -0.1
30.19 , -0.054
30.2 , 0.005
30.21 , 0.046
30.22 , 0.045
30.23 , 0.031
30.240000000000002 , 0.036
30.25 , 0.095
30.26 , 0.18
30.27 , 0.27
30.28 , 0.33
30.29 , 0.38
30.3 , 0.44
30.310000000000002 , 0.47
30.32 , 0.48
30.330000000000002 , 0.4
30.34 , 0.24
30.35 , 0.035
30.36 , -0.13
30.37 , -0.21
30.38 , -0.18
30.39 , -0.078
30.400000000000002 , 0.061
30.41 , 0.22
30.42 , 0.38
30.43 , 0.54
30.44 , 0.71
30.45 , 0.83
30.46 , 0.88
30.47 , 0.81
30.48 , 0.6
30.490000000000002 , 0.28
30.5 , -0.086
30.51 , -0.42
30.52 , -0.67
30.53 , -0.83
30.54 , -0.9
30.55 , -0.92
30.560000000000002 , -0.89
30.57 , -0.83
30.580000000000002 , -0.72
30.59 , -0.62
30.6 , -0.51
30.61 , -0.46
30.62 , -0.48
30.63 , -0.58
30.64 , -0.68
30.650000000000002 , -0.77
30.66 , -0.77
30.67 , -0.68
30.68 , -0.54
30.69 , -0.36
30.7 , -0.18
30.71 , -0.045
30.72 , 0.012
30.73 , -0.017
30.740000000000002 , -0.1
30.75 , -0.17
30.76 , -0.17
30.77 , -0.048
30.78 , 0.15
30.79 , 0.33
30.8 , 0.4
30.810000000000002 , 0.31
30.82 , 0.12
30.830000000000002 , -0.081
30.84 , -0.19
30.85 , -0.19
30.86 , -0.15
30.87 , -0.13
30.88 , -0.19
30.89 , -0.29
30.900000000000002 , -0.35
30.91 , -0.36
30.92 , -0.29
30.93 , -0.21
30.94 , -0.14
30.95 , -0.077
30.96 , 0.011
30.970000000000002 , 0.14
30.98 , 0.29
30.990000000000002 , 0.41
31.0 , 0.45
31.01 , 0.37
31.02 , 0.22
31.03 , 0.016
31.04 , -0.17
31.05 , -0.34
31.060000000000002 , -0.49
31.07 , -0.61
31.080000000000002 , -0.71
31.09 , -0.75
31.1 , -0.73
31.11 , -0.67
31.12 , -0.62
31.13 , -0.63
31.14 , -0.69
31.150000000000002 , -0.8
31.16 , -0.89
31.17 , -0.92
31.18 , -0.89
31.19 , -0.8
31.2 , -0.69
31.21 , -0.59
31.220000000000002 , -0.51
31.23 , -0.42
31.240000000000002 , -0.32
31.25 , -0.19
31.26 , -0.08
31.27 , -0.044
31.28 , -0.087
31.29 , -0.23
31.3 , -0.4
31.310000000000002 , -0.53
31.32 , -0.54
31.330000000000002 , -0.45
31.34 , -0.28
31.35 , -0.078
31.36 , 0.12
31.37 , 0.3
31.38 , 0.44
31.39 , 0.55
31.400000000000002 , 0.59
31.41 , 0.54
31.42 , 0.43
31.43 , 0.31
31.44 , 0.23
31.45 , 0.21
31.46 , 0.24
31.470000000000002 , 0.27
31.48 , 0.27
31.490000000000002 , 0.22
31.5 , 0.16
31.51 , 0.17
31.52 , 0.29
31.53 , 0.47
31.54 , 0.65
31.55 , 0.7
31.560000000000002 , 0.61
31.57 , 0.39
31.580000000000002 , 0.1
31.59 , -0.12
31.6 , -0.24
31.61 , -0.26
31.62 , -0.21
31.63 , -0.13
31.64 , -0.02
31.650000000000002 , 0.084
31.66 , 0.18
31.67 , 0.24
31.68 , 0.23
31.69 , 0.16
31.7 , 0.035
31.71 , -0.1
31.720000000000002 , -0.17
31.73 , -0.16
31.740000000000002 , -0.031
31.75 , 0.17
31.76 , 0.38
31.77 , 0.54
31.78 , 0.61
31.79 , 0.59
31.8 , 0.52
31.810000000000002 , 0.41
31.82 , 0.32
31.830000000000002 , 0.23
31.84 , 0.14
31.85 , 0.09
31.86 , 0.089
31.87 , 0.13
31.88 , 0.22
31.89 , 0.31
31.900000000000002 , 0.37
31.91 , 0.39
31.92 , 0.41
31.93 , 0.43
31.94 , 0.48
31.95 , 0.54
31.96 , 0.61
31.970000000000002 , 0.64
31.98 , 0.66
31.990000000000002 , 0.65
32.0 , 0.65
32.01 , 0.6
32.02 , 0.53
32.03 , 0.41
32.04 , 0.25
32.05 , 0.069
32.06 , -0.17
32.07 , -0.43
32.08 , -0.71
32.09 , -0.94
32.1 , -1.1
32.11 , -1.1
32.12 , -1.1
32.13 , -1.1
32.14 , -0.99
32.15 , -0.94
32.160000000000004 , -0.91
32.17 , -0.92
32.18 , -0.9
32.19 , -0.84
32.2 , -0.73
32.21 , -0.57
32.22 , -0.4
32.230000000000004 , -0.26
32.24 , -0.18
32.25 , -0.14
32.26 , -0.1
32.27 , -0.011
32.28 , 0.13
32.29 , 0.3
32.3 , 0.48
32.31 , 0.64
32.32 , 0.78
32.33 , 0.86
32.34 , 0.88
32.35 , 0.8
32.36 , 0.63
32.37 , 0.38
32.38 , 0.15
32.39 , -0.0014
32.4 , -0.052
32.410000000000004 , -0.019
32.42 , 0.029
32.43 , 0.032
32.44 , -0.021
32.45 , -0.12
32.46 , -0.2
32.47 , -0.2
32.480000000000004 , -0.11
32.49 , 0.064
32.5 , 0.27
32.51 , 0.45
32.52 , 0.61
32.53 , 0.7
32.54 , 0.76
32.55 , 0.77
32.56 , 0.75
32.57 , 0.67
32.58 , 0.56
32.59 , 0.43
32.6 , 0.28
32.61 , 0.14
32.62 , 0.035
32.63 , -0.042
32.64 , -0.078
32.65 , -0.1
32.660000000000004 , -0.11
32.67 , -0.11
32.68 , -0.1
32.69 , -0.13
32.7 , -0.19
32.71 , -0.3
32.72 , -0.41
32.730000000000004 , -0.45
32.74 , -0.42
32.75 , -0.3
32.76 , -0.18
32.77 , -0.13
32.78 , -0.17
32.79 , -0.28
32.8 , -0.38
32.81 , -0.42
32.82 , -0.37
32.83 , -0.27
32.84 , -0.15
32.85 , -0.066
32.86 , -0.0084
32.87 , 0.039
32.88 , 0.059
32.89 , 0.05
32.9 , 0.014
32.910000000000004 , -0.029
32.92 , -0.053
32.93 , -0.035
32.94 , 0.02
32.95 , 0.069
32.96 , 0.064
32.97 , -0.0028
32.980000000000004 , -0.1
32.99 , -0.18
33.0 , -0.16
33.01 , -0.08
33.02 , 0.042
33.03 , 0.14
33.04 , 0.2
33.05 , 0.19
33.06 , 0.15
33.07 , 0.043
33.08 , -0.11
33.09 , -0.31
33.1 , -0.52
33.11 , -0.66
33.12 , -0.68
33.13 , -0.56
33.14 , -0.34
33.15 , -0.11
33.160000000000004 , 0.06
33.17 , 0.12
33.18 , 0.11
33.19 , 0.11
33.2 , 0.19
33.21 , 0.37
33.22 , 0.62
33.230000000000004 , 0.83
33.24 , 0.94
33.25 , 0.9
33.26 , 0.76
33.27 , 0.54
33.28 , 0.32
33.29 , 0.1
33.3 , -0.11
33.31 , -0.3
33.32 , -0.47
33.33 , -0.58
33.34 , -0.62
33.35 , -0.6
33.36 , -0.52
33.37 , -0.41
33.38 , -0.29
33.39 , -0.17
33.4 , -0.048
33.410000000000004 , 0.12
33.42 , 0.3
33.43 , 0.51
33.44 , 0.67
33.45 , 0.78
33.46 , 0.8
33.47 , 0.73
33.480000000000004 , 0.58
33.49 , 0.37
33.5 , 0.12
33.51 , -0.14
33.52 , -0.34
33.53 , -0.46
33.54 , -0.46
33.55 , -0.39
33.56 , -0.33
33.57 , -0.35
33.58 , -0.48
33.59 , -0.69
33.6 , -0.91
33.61 , -1.0
33.62 , -1.1
33.63 , -0.99
33.64 , -0.88
33.65 , -0.79
33.660000000000004 , -0.71
33.67 , -0.63
33.68 , -0.51
33.69 , -0.38
33.7 , -0.26
33.71 , -0.16
33.72 , -0.1
33.730000000000004 , -0.11
33.74 , -0.13
33.75 , -0.17
33.76 , -0.2
33.77 , -0.21
33.78 , -0.2
33.79 , -0.2
33.8 , -0.19
33.81 , -0.16
33.82 , -0.1
33.83 , -0.005
33.84 , 0.095
33.85 , 0.16
33.86 , 0.17
33.87 , 0.15
33.88 , 0.16
33.89 , 0.22
33.9 , 0.35
33.910000000000004 , 0.48
33.92 , 0.58
33.93 , 0.62
33.94 , 0.62
33.95 , 0.61
33.96 , 0.63
33.97 , 0.65
33.980000000000004 , 0.69
33.99 , 0.7
34.0 , 0.66
34.01 , 0.6
34.02 , 0.53
34.03 , 0.47
34.04 , 0.39
34.05 , 0.3
34.06 , 0.18
34.07 , 0.031
34.08 , -0.11
34.09 , -0.21
34.1 , -0.22
34.11 , -0.12
34.12 , 0.032
34.13 , 0.22
34.14 , 0.35
34.15 , 0.38
34.160000000000004 , 0.33
34.17 , 0.22
34.18 , 0.11
34.19 , 0.02
34.2 , -0.022
34.21 , -0.024
34.22 , -0.0003
34.230000000000004 , 0.023
34.24 , 0.036
34.25 , 0.02
34.26 , -0.0085
34.27 , -0.023
34.28 , -0.0091
34.29 , 0.065
34.300000000000004 , 0.2
34.31 , 0.39
34.32 , 0.58
34.33 , 0.72
34.34 , 0.81
34.35 , 0.83
34.36 , 0.8
34.37 , 0.71
34.38 , 0.57
34.39 , 0.38
34.4 , 0.16
34.410000000000004 , -0.071
34.42 , -0.27
34.43 , -0.44
34.44 , -0.55
34.45 , -0.63
34.46 , -0.68
34.47 , -0.68
34.480000000000004 , -0.62
34.49 , -0.52
34.5 , -0.41
34.51 , -0.32
34.52 , -0.28
34.53 , -0.26
34.54 , -0.25
34.550000000000004 , -0.21
34.56 , -0.12
34.57 , 0.0027
34.58 , 0.14
34.59 , 0.25
34.6 , 0.32
34.61 , 0.33
34.62 , 0.32
34.63 , 0.33
34.64 , 0.37
34.65 , 0.45
34.660000000000004 , 0.55
34.67 , 0.65
34.68 , 0.74
34.69 , 0.82
34.7 , 0.9
34.71 , 0.98
34.72 , 1.0
34.730000000000004 , 0.99
34.74 , 0.89
34.75 , 0.76
34.76 , 0.64
34.77 , 0.57
34.78 , 0.57
34.79 , 0.6
34.800000000000004 , 0.61
34.81 , 0.58
34.82 , 0.49
34.83 , 0.4
34.84 , 0.33
34.85 , 0.29
34.86 , 0.26
34.87 , 0.2
34.88 , 0.14
34.89 , 0.079
34.9 , 0.048
34.910000000000004 , 0.02
34.92 , -0.0091
34.93 , -0.068
34.94 , -0.15
34.95 , -0.18
34.96 , -0.15
34.97 , -0.025
34.980000000000004 , 0.16
34.99 , 0.32
35.0 , 0.4
35.01 , 0.37
35.02 , 0.24
35.03 , 0.03
35.04 , -0.22
35.050000000000004 , -0.49
35.06 , -0.72
35.07 , -0.89
35.08 , -0.96
35.09 , -0.9
35.1 , -0.72
35.11 , -0.47
35.12 , -0.21
35.13 , 0.018
35.14 , 0.21
35.15 , 0.37
35.160000000000004 , 0.53
35.17 , 0.67
35.18 , 0.75
35.19 , 0.74
35.2 , 0.62
35.21 , 0.41
35.22 , 0.18
35.230000000000004 , -0.032
35.24 , -0.17
35.25 , -0.23
35.26 , -0.21
35.27 , -0.17
35.28 , -0.1
35.29 , -0.027
35.300000000000004 , 0.042
35.31 , 0.076
35.32 , 0.083
35.33 , 0.065
35.34 , 0.035
35.35 , 0.024
35.36 , 0.026
35.37 , 0.028
35.38 , 0.0025
35.39 , -0.061
35.4 , -0.14
35.410000000000004 , -0.2
35.42 , -0.21
35.43 , -0.14
35.44 , -0.016
35.45 , 0.099
35.46 , 0.15
35.47 , 0.1
35.480000000000004 , -0.034
35.49 , -0.18
35.5 , -0.28
35.51 , -0.27
35.52 , -0.17
35.53 , -0.048
35.54 , 0.032
35.550000000000004 , 0.044
35.56 , -0.0007
35.57 , -0.072
35.58 , -0.15
35.59 , -0.25
35.6 , -0.37
35.61 , -0.5
35.62 , -0.6
35.63 , -0.62
35.64 , -0.56
35.65 , -0.41
35.660000000000004 , -0.24
35.67 , -0.087
35.68 , -0.0033
35.69 , 0.012
35.7 , -0.012
35.71 , -0.07
35.72 , -0.12
35.730000000000004 , -0.18
35.74 , -0.21
35.75 , -0.22
35.76 , -0.21
35.77 , -0.17
35.78 , -0.09
35.79 , 0.0074
35.800000000000004 , 0.095
35.81 , 0.13
35.82 , 0.098
35.83 , -0.0013
35.84 , -0.13
35.85 , -0.25
35.86 , -0.35
35.87 , -0.4
35.88 , -0.39
35.89 , -0.35
35.9 , -0.26
35.910000000000004 , -0.13
35.92 , -0.014
35.93 , 0.059
35.94 , 0.066
35.95 , -0.0047
35.96 , -0.095
35.97 , -0.17
35.980000000000004 , -0.21
35.99 , -0.23
36.0 , -0.27
36.01 , -0.38
36.02 , -0.56
36.03 , -0.75
36.04 , -0.86
36.050000000000004 , -0.83
36.06 , -0.66
36.07 , -0.38
36.08 , -0.1
36.09 , 0.12
36.1 , 0.23
36.11 , 0.25
36.12 , 0.2
36.13 , 0.13
36.14 , 0.059
36.15 , 0.0097
36.160000000000004 , -0.028
36.17 , -0.057
36.18 , -0.083
36.19 , -0.1
36.2 , -0.12
36.21 , -0.14
36.22 , -0.18
36.230000000000004 , -0.25
36.24 , -0.33
36.25 , -0.4
36.26 , -0.4
36.27 , -0.35
36.28 , -0.24
36.29 , -0.14
36.300000000000004 , -0.064
36.31 , -0.028
36.32 , -0.02
36.33 , -0.02
36.34 , -0.027
36.35 , -0.057
36.36 , -0.11
36.37 , -0.18
36.38 , -0.26
36.39 , -0.33
36.4 , -0.38
36.410000000000004 , -0.45
36.42 , -0.52
36.43 , -0.63
36.44 , -0.73
36.45 , -0.82
36.46 , -0.86
36.47 , -0.85
36.480000000000004 , -0.81
36.49 , -0.74
36.5 , -0.7
36.51 , -0.69
36.52 , -0.71
36.53 , -0.76
36.54 , -0.8
36.550000000000004 , -0.79
36.56 , -0.71
36.57 , -0.56
36.58 , -0.38
36.59 , -0.21
36.6 , -0.083
36.61 , -0.036
36.62 , -0.034
36.63 , -0.048
36.64 , -0.022
36.65 , 0.063
36.660000000000004 , 0.21
36.67 , 0.39
36.68 , 0.58
36.69 , 0.73
36.7 , 0.82
36.71 , 0.84
36.72 , 0.8
36.730000000000004 , 0.73
36.74 , 0.65
36.75 , 0.58
36.76 , 0.5
36.77 , 0.44
36.78 , 0.4
36.79 , 0.39
36.800000000000004 , 0.41
36.81 , 0.44
36.82 , 0.42
36.83 , 0.34
36.84 , 0.21
36.85 , 0.067
36.86 , -0.033
36.87 , -0.073
36.88 , -0.073
36.89 , -0.071
36.9 , -0.099
36.910000000000004 , -0.17
36.92 , -0.25
36.93 , -0.32
36.94 , -0.35
36.95 , -0.36
36.96 , -0.36
36.97 , -0.35
36.980000000000004 , -0.3
36.99 , -0.19
37.0 , -0.025
37.01 , 0.15
37.02 , 0.3
37.03 , 0.37
37.04 , 0.4
37.050000000000004 , 0.4
37.06 , 0.42
37.07 , 0.47
37.08 , 0.53
37.09 , 0.54
37.1 , 0.5
37.11 , 0.4
37.12 , 0.3
37.13 , 0.22
37.14 , 0.2
37.15 , 0.22
37.160000000000004 , 0.25
37.17 , 0.29
37.18 , 0.32
37.19 , 0.37
37.2 , 0.41
37.21 , 0.45
37.22 , 0.48
37.230000000000004 , 0.51
37.24 , 0.56
37.25 , 0.61
37.26 , 0.67
37.27 , 0.72
37.28 , 0.71
37.29 , 0.65
37.300000000000004 , 0.56
37.31 , 0.47
37.32 , 0.41
37.33 , 0.38
37.34 , 0.38
37.35 , 0.38
37.36 , 0.34
37.37 , 0.28
37.38 , 0.17
37.39 , 0.052
37.4 , -0.067
37.410000000000004 , -0.16
37.42 , -0.21
37.43 , -0.22
37.44 , -0.19
37.45 , -0.13
37.46 , -0.045
37.47 , 0.047
37.480000000000004 , 0.11
37.49 , 0.12
37.5 , 0.069
37.51 , -0.021
37.52 , -0.095
37.53 , -0.13
37.54 , -0.097
37.550000000000004 , -0.036
37.56 , 0.023
37.57 , 0.061
37.58 , 0.078
37.59 , 0.086
37.6 , 0.1
37.61 , 0.1
37.62 , 0.072
37.63 , 0.012
37.64 , -0.057
37.65 , -0.11
37.660000000000004 , -0.13
37.67 , -0.11
37.68 , -0.075
37.69 , -0.06
37.7 , -0.078
37.71 , -0.12
37.72 , -0.18
37.730000000000004 , -0.22
37.74 , -0.24
37.75 , -0.26
37.76 , -0.27
37.77 , -0.29
37.78 , -0.3
37.79 , -0.28
37.800000000000004 , -0.21
37.81 , -0.1
37.82 , 0.022
37.83 , 0.12
37.84 , 0.18
37.85 , 0.2
37.86 , 0.21
37.87 , 0.22
37.88 , 0.24
37.89 , 0.26
37.9 , 0.24
37.910000000000004 , 0.2
37.92 , 0.14
37.93 , 0.1
37.94 , 0.12
37.95 , 0.18
37.96 , 0.25
37.97 , 0.28
37.980000000000004 , 0.26
37.99 , 0.22
38.0 , 0.19
38.01 , 0.23
38.02 , 0.3
38.03 , 0.4
38.04 , 0.45
38.050000000000004 , 0.42
38.06 , 0.3
38.07 , 0.13
38.08 , -0.041
38.09 , -0.17
38.1 , -0.24
38.11 , -0.23
38.12 , -0.15
38.13 , -0.045
38.14 , 0.058
38.15 , 0.12
38.160000000000004 , 0.13
38.17 , 0.1
38.18 , 0.051
38.19 , 0.017
38.2 , 0.031
38.21 , 0.093
38.22 , 0.2
38.230000000000004 , 0.29
38.24 , 0.33
38.25 , 0.29
38.26 , 0.18
38.27 , 0.021
38.28 , -0.13
38.29 , -0.27
38.300000000000004 , -0.38
38.31 , -0.48
38.32 , -0.57
38.33 , -0.67
38.34 , -0.73
38.35 , -0.75
38.36 , -0.7
38.37 , -0.6
38.38 , -0.51
38.39 , -0.44
38.4 , -0.38
38.410000000000004 , -0.31
38.42 , -0.22
38.43 , -0.13
38.44 , -0.049
38.45 , -0.013
38.46 , -0.021
38.47 , -0.05
38.480000000000004 , -0.051
38.49 , -0.01
38.5 , 0.075
38.51 , 0.17
38.52 , 0.24
38.53 , 0.27
38.54 , 0.26
38.550000000000004 , 0.24
38.56 , 0.21
38.57 , 0.18
38.58 , 0.16
38.59 , 0.11
38.6 , 0.0098
38.61 , -0.15
38.62 , -0.36
38.63 , -0.58
38.64 , -0.75
38.65 , -0.87
38.660000000000004 , -0.91
38.67 , -0.88
38.68 , -0.84
38.69 , -0.78
38.7 , -0.74
38.71 , -0.69
38.72 , -0.64
38.730000000000004 , -0.56
38.74 , -0.47
38.75 , -0.36
38.76 , -0.23
38.77 , -0.12
38.78 , -0.021
38.79 , 0.031
38.800000000000004 , 0.031
38.81 , 0.0046
38.82 , -0.015
38.83 , -0.0018
38.84 , 0.051
38.85 , 0.13
38.86 , 0.22
38.87 , 0.29
38.88 , 0.35
38.89 , 0.39
38.9 , 0.43
38.910000000000004 , 0.46
38.92 , 0.46
38.93 , 0.42
38.94 , 0.36
38.95 , 0.28
38.96 , 0.2
38.97 , 0.11
38.980000000000004 , 0.028
38.99 , -0.041
39.0 , -0.083
39.01 , -0.083
39.02 , -0.041
39.03 , 0.017
39.04 , 0.059
39.050000000000004 , 0.03
39.06 , -0.065
39.07 , -0.19
39.08 , -0.29
39.09 , -0.32
39.1 , -0.27
39.11 , -0.18
39.12 , -0.11
39.13 , -0.09
39.14 , -0.12
39.15 , -0.15
39.160000000000004 , -0.15
39.17 , -0.13
39.18 , -0.1
39.19 , -0.077
39.2 , -0.064
39.21 , -0.032
39.22 , 0.03
39.230000000000004 , 0.11
39.24 , 0.2
39.25 , 0.24
39.26 , 0.24
39.27 , 0.2
39.28 , 0.16
39.29 , 0.13
39.300000000000004 , 0.14
39.31 , 0.17
39.32 , 0.22
39.33 , 0.25
39.34 , 0.25
39.35 , 0.2
39.36 , 0.11
39.37 , 0.001
39.38 , -0.11
39.39 , -0.19
39.4 , -0.23
39.410000000000004 , -0.2
39.42 , -0.11
39.43 , 0.049
39.44 , 0.21
39.45 , 0.34
39.46 , 0.39
39.47 , 0.35
39.480000000000004 , 0.27
39.49 , 0.18
39.5 , 0.12
39.51 , 0.1
39.52 , 0.13
39.53 , 0.16
39.54 , 0.2
39.550000000000004 , 0.22
39.56 , 0.22
39.57 , 0.2
39.58 , 0.16
39.59 , 0.09
39.6 , 0.027
39.61 , -0.023
39.62 , -0.038
39.63 , -0.022
39.64 , 0.0057
39.65 , 0.031
39.660000000000004 , 0.046
39.67 , 0.065
39.68 , 0.11
39.69 , 0.19
39.7 , 0.28
39.71 , 0.36
39.72 , 0.4
39.730000000000004 , 0.37
39.74 , 0.29
39.75 , 0.19
39.76 , 0.075
39.77 , -0.032
39.78 , -0.11
39.79 , -0.16
39.800000000000004 , -0.16
39.81 , -0.091
39.82 , 0.037
39.83 , 0.21
39.84 , 0.38
39.85 , 0.5
39.86 , 0.52
39.87 , 0.42
39.88 , 0.24
39.89 , 0.022
39.9 , -0.18
39.910000000000004 , -0.31
39.92 , -0.39
39.93 , -0.42
39.94 , -0.42
39.95 , -0.38
39.96 , -0.31
39.97 , -0.21
39.980000000000004 , -0.083
39.99 , 0.036
40.0 , 0.14
40.01 , 0.23
40.02 , 0.31
40.03 , 0.39
40.04 , 0.44
40.050000000000004 , 0.44
40.06 , 0.37
40.07 , 0.24
40.08 , 0.075
40.09 , -0.054
40.1 , -0.13
40.11 , -0.14
40.12 , -0.13
40.13 , -0.14
40.14 , -0.2
40.15 , -0.3
40.160000000000004 , -0.42
40.17 , -0.53
40.18 , -0.6
40.19 , -0.65
40.2 , -0.66
40.21 , -0.64
40.22 , -0.61
40.230000000000004 , -0.56
40.24 , -0.51
40.25 , -0.45
40.26 , -0.41
40.27 , -0.4
40.28 , -0.4
40.29 , -0.42
40.300000000000004 , -0.4
40.31 , -0.33
40.32 , -0.22
40.33 , -0.077
40.34 , 0.037
40.35 , 0.1
40.36 , 0.11
40.37 , 0.072
40.38 , 0.026
40.39 , -0.022
40.4 , -0.076
40.410000000000004 , -0.15
40.42 , -0.25
40.43 , -0.34
40.44 , -0.38
40.45 , -0.35
40.46 , -0.26
40.47 , -0.1
40.480000000000004 , 0.058
40.49 , 0.2
40.5 , 0.33
40.51 , 0.41
40.52 , 0.45
40.53 , 0.44
40.54 , 0.38
40.550000000000004 , 0.29
40.56 , 0.2
40.57 , 0.13
40.58 , 0.087
40.59 , 0.063
40.6 , 0.045
40.61 , 0.022
40.62 , -0.0061
40.63 , -0.028
40.64 , -0.042
40.65 , -0.035
40.660000000000004 , -0.019
40.67 , -0.0046
40.68 , 0.0062
40.69 , 0.0002
40.7 , -0.0048
40.71 , -0.0021
40.72 , 0.0089
40.730000000000004 , 0.039
40.74 , 0.057
40.75 , 0.051
40.76 , 0.018
40.77 , -0.02
40.78 , -0.037
40.79 , -0.0012
40.800000000000004 , 0.068
40.81 , 0.14
40.82 , 0.15
40.83 , 0.084
40.84 , -0.065
40.85 , -0.27
40.86 , -0.45
40.87 , -0.58
40.88 , -0.64
40.89 , -0.65
40.9 , -0.62
40.910000000000004 , -0.59
40.92 , -0.55
40.93 , -0.49
40.94 , -0.4
40.95 , -0.27
40.96 , -0.1
40.97 , 0.063
40.980000000000004 , 0.23
40.99 , 0.39
41.0 , 0.52
41.01 , 0.62
41.02 , 0.66
41.03 , 0.65
41.04 , 0.59
41.050000000000004 , 0.53
41.06 , 0.46
41.07 , 0.41
41.08 , 0.36
41.09 , 0.29
41.1 , 0.23
41.11 , 0.18
41.12 , 0.17
41.13 , 0.18
41.14 , 0.2
41.15 , 0.21
41.160000000000004 , 0.22
41.17 , 0.24
41.18 , 0.27
41.19 , 0.31
41.2 , 0.32
41.21 , 0.29
41.22 , 0.23
41.230000000000004 , 0.15
41.24 , 0.098
41.25 , 0.091
41.26 , 0.12
41.27 , 0.13
41.28 , 0.11
41.29 , 0.021
41.300000000000004 , -0.11
41.31 , -0.24
41.32 , -0.33
41.33 , -0.35
41.34 , -0.29
41.35 , -0.18
41.36 , -0.056
41.37 , 0.076
41.38 , 0.19
41.39 , 0.27
41.4 , 0.31
41.410000000000004 , 0.31
41.42 , 0.27
41.43 , 0.22
41.44 , 0.18
41.45 , 0.19
41.46 , 0.21
41.47 , 0.23
41.480000000000004 , 0.2
41.49 , 0.12
41.5 , -0.018
41.51 , -0.17
41.52 , -0.27
41.53 , -0.32
41.54 , -0.3
41.550000000000004 , -0.26
41.56 , -0.22
41.57 , -0.19
41.58 , -0.14
41.59 , -0.085
41.6 , 0.0052
41.61 , 0.1
41.62 , 0.17
41.63 , 0.21
41.64 , 0.2
41.65 , 0.16
41.660000000000004 , 0.1
41.67 , 0.047
41.68 , 0.012
41.69 , 0.0036
41.7 , 0.024
41.71 , 0.057
41.72 , 0.093
41.730000000000004 , 0.12
41.74 , 0.12
41.75 , 0.11
41.76 , 0.093
41.77 , 0.089
41.78 , 0.12
41.79 , 0.17
41.800000000000004 , 0.22
41.81 , 0.25
41.82 , 0.25
41.83 , 0.2
41.84 , 0.14
41.85 , 0.082
41.86 , 0.044
41.87 , 0.035
41.88 , 0.046
41.89 , 0.068
41.9 , 0.08
41.910000000000004 , 0.084
41.92 , 0.094
41.93 , 0.099
41.94 , 0.11
41.95 , 0.12
41.96 , 0.1
41.97 , 0.09
41.980000000000004 , 0.078
41.99 , 0.079
42.0 , 0.087
42.01 , 0.086
42.02 , 0.055
42.03 , -0.012
42.04 , -0.1
42.050000000000004 , -0.2
42.06 , -0.29
42.07 , -0.38
42.08 , -0.47
42.09 , -0.55
42.1 , -0.63
42.11 , -0.66
42.12 , -0.64
42.13 , -0.56
42.14 , -0.43
42.15 , -0.3
42.160000000000004 , -0.19
42.17 , -0.095
42.18 , -0.011
42.19 , 0.071
42.2 , 0.16
42.21 , 0.23
42.22 , 0.29
42.230000000000004 , 0.3
42.24 , 0.3
42.25 , 0.29
42.26 , 0.28
42.27 , 0.3
42.28 , 0.31
42.29 , 0.32
42.300000000000004 , 0.29
42.31 , 0.23
42.32 , 0.15
42.33 , 0.068
42.34 , 0.013
42.35 , -0.01
42.36 , -0.022
42.37 , -0.044
42.38 , -0.09
42.39 , -0.16
42.4 , -0.24
42.410000000000004 , -0.31
42.42 , -0.36
42.43 , -0.41
42.44 , -0.45
42.45 , -0.48
42.46 , -0.47
42.47 , -0.42
42.480000000000004 , -0.35
42.49 , -0.28
42.5 , -0.25
42.51 , -0.25
42.52 , -0.25
42.53 , -0.21
42.54 , -0.13
42.550000000000004 , -0.0007
42.56 , 0.13
42.57 , 0.22
42.58 , 0.24
42.59 , 0.19
42.6 , 0.1
42.61 , -0.0064
42.62 , -0.11
42.63 , -0.18
42.64 , -0.23
42.65 , -0.24
42.660000000000004 , -0.22
42.67 , -0.16
42.68 , -0.079
42.69 , 0.014
42.7 , 0.077
42.71 , 0.1
42.72 , 0.08
42.730000000000004 , 0.035
42.74 , 0.0015
42.75 , -0.0035
42.76 , 0.035
42.77 , 0.1
42.78 , 0.17
42.79 , 0.22
42.800000000000004 , 0.24
42.81 , 0.22
42.82 , 0.18
42.83 , 0.13
42.84 , 0.088
42.85 , 0.072
42.86 , 0.084
42.87 , 0.12
42.88 , 0.17
42.89 , 0.21
42.9 , 0.24
42.910000000000004 , 0.24
42.92 , 0.2
42.93 , 0.13
42.94 , 0.067
42.95 , 0.023
42.96 , 0.03
42.97 , 0.074
42.980000000000004 , 0.12
42.99 , 0.13
43.0 , 0.11
43.01 , 0.062
43.02 , 0.0048
43.03 , -0.04
43.04 , -0.07
43.050000000000004 , -0.093
43.06 , -0.1
43.07 , -0.092
43.08 , -0.05
43.09 , 0.022
43.1 , 0.098
43.11 , 0.14
43.12 , 0.15
43.13 , 0.12
43.14 , 0.097
43.15 , 0.1
43.160000000000004 , 0.14
43.17 , 0.21
43.18 , 0.25
43.19 , 0.24
43.2 , 0.18
43.21 , 0.074
43.22 , -0.029
43.230000000000004 , -0.11
43.24 , -0.17
43.25 , -0.2
43.26 , -0.22
43.27 , -0.24
43.28 , -0.27
43.29 , -0.32
43.300000000000004 , -0.39
43.31 , -0.46
43.32 , -0.5
43.33 , -0.51
43.34 , -0.48
43.35 , -0.43
43.36 , -0.36
43.37 , -0.31
43.38 , -0.27
43.39 , -0.25
43.4 , -0.22
43.410000000000004 , -0.18
43.42 , -0.12
43.43 , -0.071
43.44 , -0.028
43.45 , -0.0077
43.46 , 0.0096
43.47 , 0.035
43.480000000000004 , 0.076
43.49 , 0.12
43.5 , 0.14
43.51 , 0.11
43.52 , 0.028
43.53 , -0.079
43.54 , -0.17
43.550000000000004 , -0.21
43.56 , -0.2
43.57 , -0.16
43.58 , -0.11
43.59 , -0.098
43.6 , -0.11
43.61 , -0.14
43.62 , -0.15
43.63 , -0.17
43.64 , -0.18
43.65 , -0.21
43.660000000000004 , -0.24
43.67 , -0.26
43.68 , -0.26
43.69 , -0.23
43.7 , -0.19
43.71 , -0.15
43.72 , -0.13
43.730000000000004 , -0.13
43.74 , -0.14
43.75 , -0.17
43.76 , -0.21
43.77 , -0.28
43.78 , -0.37
43.79 , -0.48
43.800000000000004 , -0.6
43.81 , -0.68
43.82 , -0.71
43.83 , -0.67
43.84 , -0.57
43.85 , -0.45
43.86 , -0.32
43.87 , -0.21
43.88 , -0.13
43.89 , -0.069
43.9 , -0.027
43.910000000000004 , -0.0054
43.92 , -0.005
43.93 , -0.029
43.94 , -0.07
43.95 , -0.12
43.96 , -0.16
43.97 , -0.19
43.980000000000004 , -0.22
43.99 , -0.23
44.0 , -0.23
44.01 , -0.21
44.02 , -0.16
44.03 , -0.096
44.04 , -0.029
44.050000000000004 , 0.0083
44.06 , 0.0004
44.07 , -0.043
44.08 , -0.1
44.09 , -0.15
44.1 , -0.17
44.11 , -0.16
44.12 , -0.11
44.13 , -0.057
44.14 , 0.0027
44.15 , 0.04
44.160000000000004 , 0.042
44.17 , -0.0091
44.18 , -0.097
44.19 , -0.19
44.2 , -0.24
44.21 , -0.22
44.22 , -0.11
44.230000000000004 , 0.041
44.24 , 0.21
44.25 , 0.34
44.26 , 0.45
44.27 , 0.5
44.28 , 0.54
44.29 , 0.56
44.300000000000004 , 0.58
44.31 , 0.58
44.32 , 0.56
44.33 , 0.5
44.34 , 0.42
44.35 , 0.35
44.36 , 0.32
44.37 , 0.34
44.38 , 0.42
44.39 , 0.52
44.4 , 0.6
44.410000000000004 , 0.65
44.42 , 0.66
44.43 , 0.63
44.44 , 0.58
44.45 , 0.5
44.46 , 0.42
44.47 , 0.34
44.480000000000004 , 0.3
44.49 , 0.3
44.5 , 0.33
44.51 , 0.38
44.52 , 0.42
44.53 , 0.43
44.54 , 0.42
44.550000000000004 , 0.41
44.56 , 0.42
44.57 , 0.47
44.58 , 0.53
44.59 , 0.57
44.6 , 0.58
44.61 , 0.54
44.62 , 0.48
44.63 , 0.43
44.64 , 0.4
44.65 , 0.39
44.660000000000004 , 0.38
44.67 , 0.36
44.68 , 0.32
44.69 , 0.29
44.7 , 0.27
44.71 , 0.27
44.72 , 0.27
44.730000000000004 , 0.26
44.74 , 0.23
44.75 , 0.19
44.76 , 0.16
44.77 , 0.14
44.78 , 0.15
44.79 , 0.18
44.800000000000004 , 0.22
44.81 , 0.27
44.82 , 0.32
44.83 , 0.35
44.84 , 0.37
44.85 , 0.37
44.86 , 0.35
44.87 , 0.31
44.88 , 0.26
44.89 , 0.21
44.9 , 0.17
44.910000000000004 , 0.14
44.92 , 0.14
44.93 , 0.14
44.94 , 0.12
44.95 , 0.079
44.96 , 0.014
44.97 , -0.06
44.980000000000004 , -0.11
44.99 , -0.14
45.0 , -0.12
45.01 , -0.096
45.02 , -0.076
45.03 , -0.065
45.04 , -0.06
45.050000000000004 , -0.047
45.06 , -0.039
45.07 , -0.05
45.08 , -0.099
45.09 , -0.19
45.1 , -0.28
45.11 , -0.34
45.12 , -0.35
45.13 , -0.31
45.14 , -0.24
45.15 , -0.17
45.160000000000004 , -0.11
45.17 , -0.072
45.18 , -0.044
45.19 , -0.028
45.2 , -0.024
45.21 , -0.031
45.22 , -0.048
45.230000000000004 , -0.062
45.24 , -0.069
45.25 , -0.066
45.26 , -0.065
45.27 , -0.075
45.28 , -0.098
45.29 , -0.13
45.300000000000004 , -0.14
45.31 , -0.13
45.32 , -0.087
45.33 , -0.023
45.34 , 0.035
45.35 , 0.075
45.36 , 0.09
45.37 , 0.082
45.38 , 0.066
45.39 , 0.047
45.4 , 0.017
45.410000000000004 , -0.033
45.42 , -0.1
45.43 , -0.18
45.44 , -0.26
45.45 , -0.3
45.46 , -0.29
45.47 , -0.25
45.480000000000004 , -0.17
45.49 , -0.09
45.5 , -0.0001
45.51 , 0.082
45.52 , 0.15
45.53 , 0.19
45.54 , 0.19
45.550000000000004 , 0.14
45.56 , 0.059
45.57 , -0.046
45.58 , -0.14
45.59 , -0.23
45.6 , -0.3
45.61 , -0.34
45.62 , -0.38
45.63 , -0.39
45.64 , -0.37
45.65 , -0.35
45.660000000000004 , -0.31
45.67 , -0.28
45.68 , -0.24
45.69 , -0.2
45.7 , -0.14
45.71 , -0.082
45.72 , -0.04
45.730000000000004 , -0.033
45.74 , -0.074
45.75 , -0.14
45.76 , -0.21
45.77 , -0.25
45.78 , -0.24
45.79 , -0.19
45.800000000000004 , -0.12
45.81 , -0.064
45.82 , -0.021
45.83 , 0.0038
45.84 , 0.027
45.85 , 0.047
45.86 , 0.052
45.87 , 0.037
45.88 , -0.007
45.89 , -0.067
45.9 , -0.12
45.910000000000004 , -0.14
45.92 , -0.13
45.93 , -0.1
45.94 , -0.076
45.95 , -0.093
45.96 , -0.16
45.97 , -0.24
45.980000000000004 , -0.31
45.99 , -0.32
46.0 , -0.28
46.01 , -0.19
46.02 , -0.11
46.03 , -0.06
46.04 , -0.056
46.050000000000004 , -0.092
46.06 , -0.15
46.07 , -0.22
46.08 , -0.29
46.09 , -0.34
46.1 , -0.35
46.11 , -0.32
46.12 , -0.27
46.13 , -0.22
46.14 , -0.2
46.15 , -0.22
46.160000000000004 , -0.26
46.17 , -0.3
46.18 , -0.31
46.19 , -0.3
46.2 , -0.25
46.21 , -0.19
46.22 , -0.12
46.230000000000004 , -0.058
46.24 , -0.0063
46.25 , 0.029
46.26 , 0.065
46.27 , 0.099
46.28 , 0.15
46.29 , 0.21
46.300000000000004 , 0.29
46.31 , 0.38
46.32 , 0.47
46.33 , 0.55
46.34 , 0.6
46.35 , 0.62
46.36 , 0.58
46.37 , 0.52
46.38 , 0.44
46.39 , 0.38
46.4 , 0.33
46.410000000000004 , 0.3
46.42 , 0.29
46.43 , 0.3
46.44 , 0.31
46.45 , 0.32
46.46 , 0.33
46.47 , 0.31
46.480000000000004 , 0.27
46.49 , 0.23
46.5 , 0.18
46.51 , 0.14
46.52 , 0.11
46.53 , 0.1
46.54 , 0.087
46.550000000000004 , 0.062
46.56 , 0.018
46.57 , -0.028
46.58 , -0.06
46.59 , -0.059
46.6 , -0.037
46.61 , -0.0051
46.62 , 0.015
46.63 , 0.011
46.64 , -0.0055
46.65 , -0.015
46.660000000000004 , 0.0006
46.67 , 0.043
46.68 , 0.099
46.69 , 0.15
46.7 , 0.2
46.71 , 0.23
46.72 , 0.27
46.730000000000004 , 0.31
46.74 , 0.34
46.75 , 0.34
46.76 , 0.29
46.77 , 0.22
46.78 , 0.15
46.79 , 0.11
46.800000000000004 , 0.1
46.81 , 0.11
46.82 , 0.13
46.83 , 0.13
46.84 , 0.11
46.85 , 0.08
46.86 , 0.048
46.87 , 0.029
46.88 , 0.026
46.89 , 0.039
46.9 , 0.066
46.910000000000004 , 0.087
46.92 , 0.1
46.93 , 0.1
46.94 , 0.089
46.95 , 0.073
46.96 , 0.061
46.97 , 0.052
46.980000000000004 , 0.05
46.99 , 0.056
47.0 , 0.066
47.01 , 0.076
47.02 , 0.076
47.03 , 0.056
47.04 , 0.0058
47.050000000000004 , -0.056
47.06 , -0.11
47.07 , -0.15
47.08 , -0.15
47.09 , -0.14
47.1 , -0.15
47.11 , -0.2
47.12 , -0.29
47.13 , -0.38
47.14 , -0.45
47.15 , -0.47
47.160000000000004 , -0.44
47.17 , -0.41
47.18 , -0.39
47.19 , -0.39
47.2 , -0.41
47.21 , -0.44
47.22 , -0.45
47.230000000000004 , -0.44
47.24 , -0.4
47.25 , -0.34
47.26 , -0.28
47.27 , -0.21
47.28 , -0.15
47.29 , -0.13
47.300000000000004 , -0.14
47.31 , -0.19
47.32 , -0.25
47.33 , -0.31
47.34 , -0.33
47.35 , -0.31
47.36 , -0.27
47.37 , -0.22
47.38 , -0.19
47.39 , -0.19
47.4 , -0.21
47.410000000000004 , -0.23
47.42 , -0.23
47.43 , -0.21
47.44 , -0.2
47.45 , -0.19
47.46 , -0.19
47.47 , -0.2
47.480000000000004 , -0.19
47.49 , -0.18
47.5 , -0.15
47.51 , -0.13
47.52 , -0.11
47.53 , -0.092
47.54 , -0.069
47.550000000000004 , -0.044
47.56 , -0.014
47.57 , 0.011
47.58 , 0.026
47.59 , 0.038
47.6 , 0.053
47.61 , 0.074
47.62 , 0.097
47.63 , 0.11
47.64 , 0.097
47.65 , 0.065
47.660000000000004 , 0.016
47.67 , -0.03
47.68 , -0.072
47.69 , -0.11
47.7 , -0.16
47.71 , -0.21
47.72 , -0.26
47.730000000000004 , -0.3
47.74 , -0.31
47.75 , -0.29
47.76 , -0.25
47.77 , -0.2
47.78 , -0.15
47.79 , -0.082
47.800000000000004 , -0.0017
47.81 , 0.087
47.82 , 0.18
47.83 , 0.27
47.84 , 0.35
47.85 , 0.4
47.86 , 0.43
47.870000000000005 , 0.43
47.88 , 0.4
47.89 , 0.36
47.9 , 0.31
47.910000000000004 , 0.25
47.92 , 0.18
47.93 , 0.11
47.94 , 0.04
47.95 , -0.024
47.96 , -0.087
47.97 , -0.14
47.980000000000004 , -0.17
47.99 , -0.18
48.0 , -0.14
48.01 , -0.062
48.02 , 0.046
48.03 , 0.14
48.04 , 0.22
48.050000000000004 , 0.24
48.06 , 0.24
48.07 , 0.21
48.08 , 0.17
48.09 , 0.1
48.1 , 0.015
48.11 , -0.099
48.120000000000005 , -0.21
48.13 , -0.29
48.14 , -0.31
48.15 , -0.28
48.160000000000004 , -0.2
48.17 , -0.12
48.18 , -0.052
48.19 , -0.022
48.2 , -0.0091
48.21 , 0.0033
48.22 , 0.032
48.230000000000004 , 0.078
48.24 , 0.14
48.25 , 0.2
48.26 , 0.27
48.27 , 0.34
48.28 , 0.42
48.29 , 0.5
48.300000000000004 , 0.55
48.31 , 0.55
48.32 , 0.5
48.33 , 0.41
48.34 , 0.29
48.35 , 0.19
48.36 , 0.13
48.370000000000005 , 0.1
48.38 , 0.11
48.39 , 0.13
48.4 , 0.15
48.410000000000004 , 0.18
48.42 , 0.19
48.43 , 0.21
48.44 , 0.24
48.45 , 0.26
48.46 , 0.28
48.47 , 0.29
48.480000000000004 , 0.28
48.49 , 0.25
48.5 , 0.21
48.51 , 0.16
48.52 , 0.12
48.53 , 0.09
48.54 , 0.085
48.550000000000004 , 0.098
48.56 , 0.12
48.57 , 0.14
48.58 , 0.15
48.59 , 0.14
48.6 , 0.1
48.61 , 0.052
48.620000000000005 , -0.0003
48.63 , -0.049
48.64 , -0.098
48.65 , -0.15
48.660000000000004 , -0.19
48.67 , -0.21
48.68 , -0.19
48.69 , -0.13
48.7 , -0.047
48.71 , 0.034
48.72 , 0.099
48.730000000000004 , 0.13
48.74 , 0.15
48.75 , 0.15
48.76 , 0.17
48.77 , 0.18
48.78 , 0.2
48.79 , 0.2
48.800000000000004 , 0.21
48.81 , 0.22
48.82 , 0.23
48.83 , 0.24
48.84 , 0.22
48.85 , 0.18
48.86 , 0.11
48.870000000000005 , 0.033
48.88 , -0.043
48.89 , -0.12
48.9 , -0.19
48.910000000000004 , -0.27
48.92 , -0.34
48.93 , -0.4
48.94 , -0.42
48.95 , -0.41
48.96 , -0.38
48.97 , -0.34
48.980000000000004 , -0.32
48.99 , -0.33
49.0 , -0.37
49.01 , -0.43
49.02 , -0.47
49.03 , -0.47
49.04 , -0.43
49.050000000000004 , -0.35
49.06 , -0.28
49.07 , -0.23
49.08 , -0.21
49.09 , -0.21
49.1 , -0.22
49.11 , -0.22
49.120000000000005 , -0.21
49.13 , -0.2
49.14 , -0.18
49.15 , -0.17
49.160000000000004 , -0.13
49.17 , -0.097
49.18 , -0.059
49.19 , -0.042
49.2 , -0.051
49.21 , -0.084
49.22 , -0.12
49.230000000000004 , -0.14
49.24 , -0.12
49.25 , -0.069
49.26 , -0.013
49.27 , 0.024
49.28 , 0.024
49.29 , -0.0065
49.300000000000004 , -0.058
49.31 , -0.11
49.32 , -0.14
49.33 , -0.16
49.34 , -0.15
49.35 , -0.12
49.36 , -0.068
49.370000000000005 , 0.0027
49.38 , 0.08
49.39 , 0.14
49.4 , 0.18
49.410000000000004 , 0.18
49.42 , 0.17
49.43 , 0.15
49.44 , 0.15
49.45 , 0.16
49.46 , 0.19
49.47 , 0.19
49.480000000000004 , 0.16
49.49 , 0.11
49.5 , 0.037
49.51 , -0.022
49.52 , -0.06
49.53 , -0.079
49.54 , -0.081
49.550000000000004 , -0.081
49.56 , -0.067
49.57 , -0.045
49.58 , -0.017
49.59 , 0.0008
49.6 , -0.012
49.61 , -0.063
49.620000000000005 , -0.15
49.63 , -0.23
49.64 , -0.3
49.65 , -0.33
49.660000000000004 , -0.32
49.67 , -0.3
49.68 , -0.27
49.69 , -0.23
49.7 , -0.2
49.71 , -0.16
49.72 , -0.13
49.730000000000004 , -0.1
49.74 , -0.061
49.75 , -0.0046
49.76 , 0.066
49.77 , 0.14
49.78 , 0.2
49.79 , 0.23
49.800000000000004 , 0.22
49.81 , 0.18
49.82 , 0.13
49.83 , 0.077
49.84 , 0.054
49.85 , 0.056
49.86 , 0.08
49.870000000000005 , 0.11
49.88 , 0.12
49.89 , 0.12
49.9 , 0.12
49.910000000000004 , 0.12
49.92 , 0.13
49.93 , 0.16
49.94 , 0.19
49.95 , 0.21
49.96 , 0.21
49.97 , 0.19
49.980000000000004 , 0.15
49.99 , 0.098
50.0 , 0.05
50.01 , 0.014
50.02 , 0.0026
50.03 , 0.02
50.04 , 0.059
50.050000000000004 , 0.1
50.06 , 0.13
50.07 , 0.13
50.08 , 0.12
50.09 , 0.095
50.1 , 0.089
50.11 , 0.1
50.120000000000005 , 0.13
50.13 , 0.15
50.14 , 0.15
50.15 , 0.12
50.160000000000004 , 0.081
50.17 , 0.04
50.18 , 0.015
50.19 , 0.013
50.2 , 0.029
50.21 , 0.057
50.22 , 0.09
50.230000000000004 , 0.12
50.24 , 0.13
50.25 , 0.13
50.26 , 0.12
50.27 , 0.081
50.28 , 0.038
50.29 , 0.0057
50.300000000000004 , -0.01
50.31 , -0.004
50.32 , 0.004
50.33 , 0.0045
50.34 , -0.011
50.35 , -0.035
50.36 , -0.055
50.370000000000005 , -0.064
50.38 , -0.057
50.39 , -0.051
50.4 , -0.061
50.410000000000004 , -0.093
50.42 , -0.14
50.43 , -0.18
50.44 , -0.21
50.45 , -0.21
50.46 , -0.19
50.47 , -0.15
50.480000000000004 , -0.11
50.49 , -0.066
50.5 , -0.019
50.51 , 0.03
50.52 , 0.076
50.53 , 0.1
50.54 , 0.1
50.550000000000004 , 0.067
50.56 , 0.0029
50.57 , -0.074
50.58 , -0.14
50.59 , -0.17
50.6 , -0.18
50.61 , -0.17
50.620000000000005 , -0.17
50.63 , -0.18
50.64 , -0.19
50.65 , -0.19
50.660000000000004 , -0.17
50.67 , -0.11
50.68 , -0.04
50.69 , 0.03
50.7 , 0.09
50.71 , 0.14
50.72 , 0.17
50.730000000000004 , 0.18
50.74 , 0.18
50.75 , 0.14
50.76 , 0.091
50.77 , 0.03
50.78 , -0.029
50.79 , -0.081
50.800000000000004 , -0.11
50.81 , -0.14
50.82 , -0.15
50.83 , -0.15
50.84 , -0.12
50.85 , -0.09
50.86 , -0.063
50.870000000000005 , -0.056
50.88 , -0.067
50.89 , -0.092
50.9 , -0.12
50.910000000000004 , -0.14
50.92 , -0.15
50.93 , -0.17
50.94 , -0.19
50.95 , -0.21
50.96 , -0.21
50.97 , -0.2
50.980000000000004 , -0.16
50.99 , -0.11
51.0 , -0.053
51.01 , -0.0053
51.02 , 0.023
51.03 , 0.042
51.04 , 0.052
51.050000000000004 , 0.059
51.06 , 0.058
51.07 , 0.041
51.08 , 0.0076
51.09 , -0.046
51.1 , -0.11
51.11 , -0.16
51.120000000000005 , -0.19
51.13 , -0.17
51.14 , -0.13
51.15 , -0.073
51.160000000000004 , -0.012
51.17 , 0.039
51.18 , 0.084
51.19 , 0.12
51.2 , 0.15
51.21 , 0.18
51.22 , 0.2
51.230000000000004 , 0.2
51.24 , 0.18
51.25 , 0.17
51.26 , 0.16
51.27 , 0.16
51.28 , 0.17
51.29 , 0.17
51.300000000000004 , 0.17
51.31 , 0.17
51.32 , 0.17
51.33 , 0.18
51.34 , 0.19
51.35 , 0.18
51.36 , 0.16
51.370000000000005 , 0.12
51.38 , 0.087
51.39 , 0.061
51.4 , 0.053
51.410000000000004 , 0.049
51.42 , 0.037
51.43 , -0.0001
51.44 , -0.064
51.45 , -0.15
51.46 , -0.22
51.47 , -0.27
51.480000000000004 , -0.27
51.49 , -0.25
51.5 , -0.23
51.51 , -0.21
51.52 , -0.21
51.53 , -0.19
51.54 , -0.16
51.550000000000004 , -0.11
51.56 , -0.049
51.57 , 0.0006
51.58 , 0.039
51.59 , 0.076
51.6 , 0.12
51.61 , 0.18
51.620000000000005 , 0.24
51.63 , 0.28
51.64 , 0.31
51.65 , 0.31
51.660000000000004 , 0.31
51.67 , 0.32
51.68 , 0.32
51.69 , 0.32
51.7 , 0.32
51.71 , 0.31
51.72 , 0.29
51.730000000000004 , 0.27
51.74 , 0.24
51.75 , 0.19
51.76 , 0.13
51.77 , 0.049
51.78 , -0.032
51.79 , -0.099
51.800000000000004 , -0.14
51.81 , -0.14
51.82 , -0.12
51.83 , -0.083
51.84 , -0.063
51.85 , -0.062
51.86 , -0.077
51.870000000000005 , -0.097
51.88 , -0.11
51.89 , -0.1
51.9 , -0.075
51.910000000000004 , -0.036
51.92 , 0.015
51.93 , 0.071
51.94 , 0.13
51.95 , 0.18
51.96 , 0.21
51.97 , 0.21
51.980000000000004 , 0.2
51.99 , 0.17
52.0 , 0.14
52.01 , 0.12
52.02 , 0.11
52.03 , 0.1
52.04 , 0.11
52.050000000000004 , 0.11
52.06 , 0.11
52.07 , 0.12
52.08 , 0.13
52.09 , 0.14
52.1 , 0.14
52.11 , 0.14
52.120000000000005 , 0.14
52.13 , 0.13
52.14 , 0.13
52.15 , 0.13
52.160000000000004 , 0.13
52.17 , 0.13
52.18 , 0.13
52.19 , 0.14
52.2 , 0.15
52.21 , 0.16
52.22 , 0.15
52.230000000000004 , 0.11
52.24 , 0.046
52.25 , -0.034
52.26 , -0.11
52.27 , -0.15
52.28 , -0.17
52.29 , -0.16
52.300000000000004 , -0.15
52.31 , -0.14
52.32 , -0.14
52.33 , -0.15
52.34 , -0.17
52.35 , -0.19
52.36 , -0.22
52.370000000000005 , -0.24
52.38 , -0.26
52.39 , -0.26
52.4 , -0.24
52.410000000000004 , -0.21
52.42 , -0.2
52.43 , -0.19
52.44 , -0.19
52.45 , -0.19
52.46 , -0.17
52.47 , -0.15
52.480000000000004 , -0.11
52.49 , -0.069
52.5 , -0.037
52.51 , -0.016
52.52 , -0.0022
52.53 , 0.0038
52.54 , 0.0079
52.550000000000004 , 0.012
52.56 , 0.016
52.57 , 0.024
52.58 , 0.036
52.59 , 0.052
52.6 , 0.078
52.61 , 0.1
52.620000000000005 , 0.12
52.63 , 0.11
52.64 , 0.054
52.65 , -0.031
52.660000000000004 , -0.13
52.67 , -0.21
52.68 , -0.25
52.69 , -0.23
52.7 , -0.17
52.71 , -0.08
52.72 , 0.01
52.730000000000004 , 0.078
52.74 , 0.12
52.75 , 0.13
52.76 , 0.12
52.77 , 0.076
52.78 , 0.029
52.79 , -0.0082
52.800000000000004 , -0.011
52.81 , 0.02
52.82 , 0.072
52.83 , 0.12
52.84 , 0.13
52.85 , 0.12
52.86 , 0.08
52.870000000000005 , 0.05
52.88 , 0.039
52.89 , 0.05
52.9 , 0.066
52.910000000000004 , 0.069
52.92 , 0.046
52.93 , -0.0037
52.94 , -0.064
52.95 , -0.11
52.96 , -0.14
52.97 , -0.13
52.980000000000004 , -0.11
52.99 , -0.066
53.0 , -0.025
53.01 , 0.0028
53.02 , 0.013
53.03 , 0.0073
53.04 , -0.008
53.050000000000004 , -0.02
53.06 , -0.025
53.07 , -0.018
53.08 , -0.0065
53.09 , 0.01
53.1 , 0.03
53.11 , 0.051
53.120000000000005 , 0.077
53.13 , 0.1
53.14 , 0.12
53.15 , 0.13
53.160000000000004 , 0.12
53.17 , 0.099
53.18 , 0.065
53.19 , 0.019
53.2 , -0.031
53.21 , -0.073
53.22 , -0.11
53.230000000000004 , -0.13
53.24 , -0.14
53.25 , -0.15
53.26 , -0.15
53.27 , -0.14
53.28 , -0.12
53.29 , -0.091
53.300000000000004 , -0.075
53.31 , -0.073
53.32 , -0.08
53.33 , -0.089
53.34 , -0.084
53.35 , -0.063
53.36 , -0.03
53.370000000000005 , 0.0023
53.38 , 0.02
53.39 , 0.016
53.4 , -0.0052
53.410000000000004 , -0.037
53.42 , -0.055
53.43 , -0.061
53.44 , -0.046
53.45 , -0.028
53.46 , -0.017
53.47 , -0.019
53.480000000000004 , -0.03
53.49 , -0.041
53.5 , -0.038
53.51 , -0.025
53.52 , -0.011
53.53 , -0.0013
53.54 , -0.0002
53.550000000000004 , 0.0029
53.56 , 0.013
53.57 , 0.029
53.58 , 0.04
53.59 , 0.035
53.6 , 0.0053
53.61 , -0.039
53.620000000000005 , -0.078
53.63 , -0.1
53.64 , -0.1
53.65 , -0.092
53.660000000000004 , -0.086
53.67 , -0.084
53.68 , -0.084
53.69 , -0.079
53.7 , -0.061
53.71 , -0.035
53.72 , -0.013
53.730000000000004 , -0.0018
53.74 , -0.0024
53.75 , -0.0097
53.76 , -0.015
53.77 , -0.015
53.78 , -0.013
53.79 , -0.017
53.800000000000004 , -0.029
53.81 , -0.047
53.82 , -0.054
53.83 , -0.045
53.84 , -0.018
53.85 , 0.014
53.86 , 0.037
53.870000000000005 , 0.039
53.88 , 0.022
53.89 , -0.0018
53.9 , -0.019
53.910000000000004 , -0.021
53.92 , -0.015
53.93 , -0.0093
53.94 , -0.018
53.95 , -0.041
53.96 , -0.073
53.97 , -0.11
53.980000000000004 , -0.13
53.99 , -0.15
54.0 , -0.16
54.01 , -0.17
54.02 , -0.17
54.03 , -0.17
54.04 , -0.17
54.050000000000004 , -0.15
54.06 , -0.13
54.07 , -0.11
54.08 , -0.09
54.09 , -0.076
54.1 , -0.063
54.11 , -0.058
54.120000000000005 , -0.06
54.13 , -0.077
54.14 , -0.1
54.15 , -0.13
54.160000000000004 , -0.14
54.17 , -0.15
54.18 , -0.14
54.19 , -0.13
54.2 , -0.13
54.21 , -0.13
54.22 , -0.12
54.230000000000004 , -0.1
54.24 , -0.052
54.25 , 0.013
54.26 , 0.084
54.27 , 0.15
54.28 , 0.18
54.29 , 0.2
54.300000000000004 , 0.2
54.31 , 0.17
54.32 , 0.13
54.33 , 0.07
54.34 , 0.009
54.35 , -0.048
54.36 , -0.094
54.370000000000005 , -0.12
54.38 , -0.15
54.39 , -0.17
54.4 , -0.18
54.410000000000004 , -0.18
54.42 , -0.17
54.43 , -0.15
54.44 , -0.13
54.45 , -0.1
54.46 , -0.083
54.47 , -0.069
54.480000000000004 , -0.051
54.49 , -0.026
54.5 , 0.0017
54.51 , 0.023
54.52 , 0.035
54.53 , 0.029
54.54 , 0.015
54.550000000000004 , -0.0073
54.56 , -0.03
54.57 , -0.046
54.58 , -0.051
54.59 , -0.046
54.6 , -0.035
54.61 , -0.017
54.620000000000005 , 0.0029
54.63 , 0.028
54.64 , 0.058
54.65 , 0.086
54.660000000000004 , 0.11
54.67 , 0.12
54.68 , 0.12
54.69 , 0.1
54.7 , 0.091
54.71 , 0.086
54.72 , 0.087
54.730000000000004 , 0.091
54.74 , 0.093
54.75 , 0.093
54.76 , 0.094
54.77 , 0.097
54.78 , 0.1
54.79 , 0.1
54.800000000000004 , 0.095
54.81 , 0.075
54.82 , 0.055
54.83 , 0.046
54.84 , 0.058
54.85 , 0.089
54.86 , 0.13
54.870000000000005 , 0.16
54.88 , 0.19
54.89 , 0.21
54.9 , 0.23
54.910000000000004 , 0.25
54.92 , 0.27
54.93 , 0.27
54.94 , 0.26
54.95 , 0.23
54.96 , 0.21
54.97 , 0.18
54.980000000000004 , 0.15
54.99 , 0.12
55.0 , 0.073
55.01 , 0.025
55.02 , -0.016
55.03 , -0.03
55.04 , -0.0087
55.050000000000004 , 0.046
55.06 , 0.12
55.07 , 0.2
55.08 , 0.27
55.09 , 0.3
55.1 , 0.3
55.11 , 0.29
55.120000000000005 , 0.27
55.13 , 0.25
55.14 , 0.23
55.15 , 0.21
55.160000000000004 , 0.19
55.17 , 0.17
55.18 , 0.15
55.19 , 0.12
55.2 , 0.097
55.21 , 0.066
55.22 , 0.038
55.230000000000004 , 0.019
55.24 , 0.019
55.25 , 0.034
55.26 , 0.058
55.27 , 0.079
55.28 , 0.089
55.29 , 0.084
55.300000000000004 , 0.068
55.31 , 0.05
55.32 , 0.031
55.33 , 0.018
55.34 , 0.013
55.35 , 0.011
55.36 , 0.016
55.370000000000005 , 0.018
55.38 , 0.023
55.39 , 0.031
55.4 , 0.044
55.410000000000004 , 0.06
55.42 , 0.077
55.43 , 0.086
55.44 , 0.082
55.45 , 0.065
55.46 , 0.043
55.47 , 0.018
55.480000000000004 , 0.0016
55.49 , -0.0087
55.5 , -0.011
55.51 , -0.0094
55.52 , -0.0054
55.53 , 0.001
55.54 , 0.0079
55.550000000000004 , 0.017
55.56 , 0.029
55.57 , 0.048
55.58 , 0.067
55.59 , 0.085
55.6 , 0.089
55.61 , 0.069
55.620000000000005 , 0.026
55.63 , -0.029
55.64 , -0.077
55.65 , -0.11
55.660000000000004 , -0.12
55.67 , -0.13
55.68 , -0.15
55.69 , -0.18
55.7 , -0.22
55.71 , -0.24
55.72 , -0.24
55.730000000000004 , -0.19
55.74 , -0.12
55.75 , -0.041
55.76 , 0.0095
55.77 , 0.026
55.78 , 0.02
55.79 , 0.005
55.800000000000004 , -0.0004
55.81 , 0.01
55.82 , 0.038
55.83 , 0.08
55.84 , 0.13
55.85 , 0.19
55.86 , 0.24
55.870000000000005 , 0.27
55.88 , 0.26
55.89 , 0.21
55.9 , 0.13
55.910000000000004 , 0.036
55.92 , -0.041
55.93 , -0.078
55.94 , -0.078
55.95 , -0.056
55.96 , -0.029
55.97 , -0.012
55.980000000000004 , -0.0076
55.99 , -0.0094
56.0 , -0.0083
56.01 , 0.0039
56.02 , 0.027
56.03 , 0.053
56.04 , 0.079
56.050000000000004 , 0.095
56.06 , 0.1
56.07 , 0.094
56.08 , 0.068
56.09 , 0.022
56.1 , -0.037
56.11 , -0.1
56.120000000000005 , -0.15
56.13 , -0.18
56.14 , -0.18
56.15 , -0.17
56.160000000000004 , -0.15
56.17 , -0.15
56.18 , -0.15
56.19 , -0.15
56.2 , -0.14
56.21 , -0.12
56.22 , -0.09
56.230000000000004 , -0.059
56.24 , -0.038
56.25 , -0.024
56.26 , -0.014
56.27 , 0.0022
56.28 , 0.021
56.29 , 0.041
56.300000000000004 , 0.056
56.31 , 0.069
56.32 , 0.091
56.33 , 0.12
56.34 , 0.16
56.35 , 0.2
56.36 , 0.24
56.370000000000005 , 0.27
56.38 , 0.28
56.39 , 0.28
56.4 , 0.27
56.410000000000004 , 0.23
56.42 , 0.17
56.43 , 0.096
56.44 , 0.027
56.45 , -0.031
56.46 , -0.07
56.47 , -0.088
56.480000000000004 , -0.087
56.49 , -0.073
56.5 , -0.049
56.51 , -0.02
56.52 , 0.009
56.53 , 0.03
56.54 , 0.039
56.550000000000004 , 0.033
56.56 , 0.015
56.57 , -0.0093
56.58 , -0.029
56.59 , -0.04
56.6 , -0.043
56.61 , -0.042
56.620000000000005 , -0.044
56.63 , -0.056
56.64 , -0.079
56.65 , -0.11
56.660000000000004 , -0.14
56.67 , -0.16
56.68 , -0.16
56.69 , -0.16
56.7 , -0.14
56.71 , -0.13
56.72 , -0.12
56.730000000000004 , -0.11
56.74 , -0.11
56.75 , -0.11
56.76 , -0.11
56.77 , -0.11
56.78 , -0.12
56.79 , -0.13
56.800000000000004 , -0.14
56.81 , -0.16
56.82 , -0.18
56.83 , -0.21
56.84 , -0.23
56.85 , -0.23
56.86 , -0.21
56.870000000000005 , -0.17
56.88 , -0.12
56.89 , -0.07
56.9 , -0.043
56.910000000000004 , -0.035
56.92 , -0.04
56.93 , -0.045
56.94 , -0.051
56.95 , -0.055
56.96 , -0.066
56.97 , -0.079
56.980000000000004 , -0.088
56.99 , -0.085
57.0 , -0.065
57.01 , -0.033
57.02 , 0.0058
57.03 , 0.038
57.04 , 0.058
57.050000000000004 , 0.061
57.06 , 0.053
57.07 , 0.038
57.08 , 0.024
57.09 , 0.011
57.1 , -0.0004
57.11 , -0.0057
57.120000000000005 , -0.0036
57.13 , 0.0079
57.14 , 0.029
57.15 , 0.05
57.160000000000004 , 0.065
57.17 , 0.065
57.18 , 0.055
57.19 , 0.039
57.2 , 0.026
57.21 , 0.017
57.22 , 0.012
57.230000000000004 , 0.0044
57.24 , -0.006
57.25 , -0.014
57.26 , -0.014
57.27 , -0.0009
57.28 , 0.023
57.29 , 0.045
57.300000000000004 , 0.054
57.31 , 0.046
57.32 , 0.023
57.33 , -0.011
57.34 , -0.048
57.35 , -0.086
57.36 , -0.12
57.370000000000005 , -0.15
57.38 , -0.17
57.39 , -0.19
57.4 , -0.19
57.410000000000004 , -0.19
57.42 , -0.18
57.43 , -0.17
57.44 , -0.16
57.45 , -0.16
57.46 , -0.17
57.47 , -0.18
57.480000000000004 , -0.18
57.49 , -0.18
57.5 , -0.17
57.51 , -0.15
57.52 , -0.13
57.53 , -0.11
57.54 , -0.085
57.550000000000004 , -0.056
57.56 , -0.023
57.57 , 0.016
57.58 , 0.052
57.59 , 0.079
57.6 , 0.095
57.61 , 0.099
57.620000000000005 , 0.093
57.63 , 0.081
57.64 , 0.061
57.65 , 0.035
57.660000000000004 , 0.0031
57.67 , -0.028
57.68 , -0.052
57.69 , -0.068
57.7 , -0.071
57.71 , -0.068
57.72 , -0.061
57.730000000000004 , -0.054
57.74 , -0.046
57.75 , -0.04
57.76 , -0.034
57.77 , -0.031
57.78 , -0.034
57.79 , -0.038
57.800000000000004 , -0.038
57.81 , -0.026
57.82 , 0.0007
57.83 , 0.035
57.84 , 0.069
57.85 , 0.091
57.86 , 0.1
57.870000000000005 , 0.1
57.88 , 0.1
57.89 , 0.1
57.9 , 0.1
57.910000000000004 , 0.097
57.92 , 0.089
57.93 , 0.081
57.94 , 0.078
57.95 , 0.085
57.96 , 0.099
57.97 , 0.11
57.980000000000004 , 0.11
57.99 , 0.11
58.0 , 0.1
58.01 , 0.11
58.02 , 0.12
58.03 , 0.14
58.04 , 0.15
58.050000000000004 , 0.14
58.06 , 0.11
58.07 , 0.073
58.08 , 0.044
58.09 , 0.033
58.1 , 0.042
58.11 , 0.056
58.120000000000005 , 0.059
58.13 , 0.04
58.14 , 0.0043
58.15 , -0.031
58.160000000000004 , -0.049
58.17 , -0.037
58.18 , -0.0055
58.19 , 0.029
58.2 , 0.049
58.21 , 0.052
58.22 , 0.041
58.230000000000004 , 0.029
58.24 , 0.021
58.25 , 0.017
58.26 , 0.012
58.27 , 0.0092
58.28 , 0.0071
58.29 , 0.0095
58.300000000000004 , 0.016
58.31 , 0.018
58.32 , 0.011
58.33 , -0.0082
58.34 , -0.035
58.35 , -0.059
58.36 , -0.073
58.370000000000005 , -0.073
58.38 , -0.062
58.39 , -0.044
58.4 , -0.021
58.410000000000004 , 0.004
58.42 , 0.038
58.43 , 0.072
58.44 , 0.1
58.45 , 0.12
58.46 , 0.11
58.47 , 0.1
58.480000000000004 , 0.088
58.49 , 0.085
58.5 , 0.096
58.51 , 0.12
58.52 , 0.14
58.53 , 0.15
58.54 , 0.16
58.550000000000004 , 0.15
58.56 , 0.13
58.57 , 0.1
58.58 , 0.074
58.59 , 0.054
58.6 , 0.042
58.61 , 0.037
58.620000000000005 , 0.034
58.63 , 0.028
58.64 , 0.018
58.65 , 0.0019
58.660000000000004 , -0.014
58.67 , -0.027
58.68 , -0.033
58.69 , -0.03
58.7 , -0.015
58.71 , 0.0066
58.72 , 0.032
58.730000000000004 , 0.048
58.74 , 0.051
58.75 , 0.044
58.76 , 0.034
58.77 , 0.027
58.78 , 0.028
58.79 , 0.033
58.800000000000004 , 0.04
58.81 , 0.043
58.82 , 0.039
58.83 , 0.028
58.84 , 0.0023
58.85 , -0.032
58.86 , -0.073
58.870000000000005 , -0.11
58.88 , -0.14
58.89 , -0.15
58.9 , -0.15
58.910000000000004 , -0.14
58.92 , -0.15
58.93 , -0.16
58.94 , -0.18
58.95 , -0.19
58.96 , -0.18
58.97 , -0.15
58.980000000000004 , -0.12
58.99 , -0.079
59.0 , -0.052
59.01 , -0.044
59.02 , -0.051
59.03 , -0.066
59.04 , -0.078
59.050000000000004 , -0.086
59.06 , -0.082
59.07 , -0.069
59.08 , -0.047
59.09 , -0.024
59.1 , -0.0057
59.11 , -0.0004
59.120000000000005 , -0.01
59.13 , -0.036
59.14 , -0.065
59.15 , -0.086
59.160000000000004 , -0.087
59.17 , -0.066
59.18 , -0.033
59.19 , 0.0012
59.2 , 0.022
59.21 , 0.025
59.22 , 0.015
59.230000000000004 , -0.0071
59.24 , -0.033
59.25 , -0.064
59.26 , -0.092
59.27 , -0.12
59.28 , -0.13
59.29 , -0.13
59.300000000000004 , -0.11
59.31 , -0.098
59.32 , -0.095
59.33 , -0.11
59.34 , -0.13
59.35 , -0.15
59.36 , -0.16
59.370000000000005 , -0.15
59.38 , -0.11
59.39 , -0.078
59.4 , -0.045
59.410000000000004 , -0.024
59.42 , -0.018
59.43 , -0.022
59.44 , -0.03
59.45 , -0.038
59.46 , -0.045
59.47 , -0.05
59.480000000000004 , -0.054
59.49 , -0.057
59.5 , -0.06
59.51 , -0.061
59.52 , -0.064
59.53 , -0.067
59.54 , -0.072
59.550000000000004 , -0.078
59.56 , -0.087
59.57 , -0.092
59.58 , -0.093
59.59 , -0.086
59.6 , -0.074
59.61 , -0.058
59.620000000000005 , -0.039
59.63 , -0.02
59.64 , -0.0031
59.65 , 0.0076
59.660000000000004 , 0.006
59.67 , -0.011
59.68 , -0.04
59.69 , -0.072
59.7 , -0.094
59.71 , -0.097
59.72 , -0.076
59.730000000000004 , -0.04
59.74 , 0.0037
59.75 , 0.039
59.76 , 0.062
59.77 , 0.072
59.78 , 0.078
59.79 , 0.083
59.800000000000004 , 0.089
59.81 , 0.093
59.82 , 0.089
59.83 , 0.076
59.84 , 0.06
59.85 , 0.045
59.86 , 0.034
59.870000000000005 , 0.026
59.88 , 0.019
59.89 , 0.013
59.9 , 0.013
59.910000000000004 , 0.024
59.92 , 0.043
59.93 , 0.064
59.94 , 0.085
59.95 , 0.096
59.96 , 0.1
59.97 , 0.1
59.980000000000004 , 0.094
59.99 , 0.084
